Song Name,Original Artist,Debut Date,Last Played,Times Played Live,Avg Show Gap
"""Brendan & Jake switch rigs""",,2010-04-24,2021-08-22,2,444.33
"""Mrs Robinson's Strut""",,2011-04-02,2011-04-02,1,1225.0
#19,,2011-04-02,2011-04-02,1,1225.0
#5,,2003-05-15,2024-12-12,173,13.02
(Don't Fear) The Reaper,Blue Öyster Cult,2001-10-31,2023-05-27,17,154.5
(I Can't Get No) Satisfaction,The Rolling Stones,2021-09-18,2021-09-18,1,284.0
(Night Time Is) The Right TIme,Ray Charles,2005-12-31,2005-12-31,1,1857.0
(Sittin' On) The Dock of the Bay,Otis Redding,2013-04-27,2018-12-14,2,495.5
...And Justice for All,Metallica,2003-10-31,2022-02-25,29,74.66
...And We Became Sunshine,The Uglysuit,2010-09-25,2010-09-25,1,1294.0
1000 Places to See Before You Die,,2007-03-24,2023-08-20,12,141.75
10th Grade,,1998-01-21,2004-09-04,33,101.21
13 Days,,2002-08-29,2025-03-08,163,14.46
1348,,2009-01-23,2025-03-09,421,5.12
1901 Jump,Phoenix/Van Halen/Cee Lo,2010-10-31,2010-11-06,2,637.0
1999,Prince,2017-10-28,2025-01-30,5,110.2
25 or 6 to 4,Chicago,2011-12-31,2011-12-31,1,1152.0
2nd Self,,2000-04-22,2025-03-22,417,6.47
2x2,,1998-08-22,2025-03-22,552,5.32
316,Van Halen,2012-01-10,2015-08-21,4,287.0
40's Theme,Ali Baba's Tahini,2000-10-28,2025-03-20,526,5.11
50 Ways to Leave Your Lover,Paul Simon,2000-09-28,2023-09-14,59,44.58
5:15,The Who,2007-12-31,2007-12-31,1,1606.0
9 to 5,Dolly Parton,2025-04-04,2025-04-04,1,1.0
9:30,,2012-04-27,2012-04-27,1,1103.0
A Fifth of Beethoven,Walter Murphy and the Big Apple Band,2000-11-18,2013-04-27,32,81.53
A Go Go,John Scofield,1999-03-17,2024-05-25,69,40.56
A Half Sleep,Jeff Coffin,2007-12-31,2008-05-01,2,803.0
A Love Supreme,John Coltrane,2009-06-27,2015-05-23,4,359.5
A Mild Sedative,,2014-01-17,2015-02-13,6,155.17
AC/DC Medley,AC/DC,2003-09-24,2003-09-24,1,2183.0
Abacab,Genesis,2006-12-29,2023-12-29,17,101.59
About Damn Time,Lizzo,2023-07-01,2023-07-01,1,142.0
Ace of Long Nights,Motörhead/Ween,2012-10-27,2012-11-10,2,525.0
Addicted to Kiss,Robert Palmer/Prince/Genesis,2011-10-29,2011-10-29,1,1165.0
Africa,Toto,2000-10-12,2024-09-13,72,36.46
Africano,"Earth, Wind & Fire",2022-12-31,2022-12-31,1,197.0
After Midnight,J.J. Cale,2008-10-28,2013-07-03,2,755.5
Against All Odds,Phil Collins,2006-04-29,2006-04-29,1,1813.0
Ahab,,2004-08-07,2006-08-20,15,137.13
Ain't No Fun (If the Homies Can'...,Snoop Dogg,2000-10-31,2018-05-26,31,84.39
Ain't No Sunshine,Bill Withers,2005-09-11,2015-01-10,6,316.67
Ain't Too Proud to Beg,Holland/Whitfield,2003-12-31,2017-02-02,9,237.89
Alex's House,,2007-03-06,2024-12-12,109,15.81
All Blues,Miles Davis,2000-04-14,2001-03-28,3,891.0
All I Need,Radiohead,2011-04-22,2011-04-22,1,1222.0
All In Time,,1998-02-07,2025-03-19,767,4.74
All Night Long,Lionel Richie,1999-08-27,2023-08-27,73,37.07
All Things Ninja,,1999-06-24,2025-01-22,240,11.9
Alright,Jamiroquai,2019-12-31,2019-12-31,1,357.0
Althea,Grateful Dead,2021-10-28,2024-08-30,6,46.67
Always October,,2022-08-21,2025-02-27,17,12.41
Always Up,30db,2006-09-22,2006-09-22,1,1758.0
Amazing Grace,John Newton,2002-11-20,2011-11-26,12,288.5
Amble On,,2013-04-26,2019-09-19,11,90.18
America the Beautiful,Bates/Ward,2000-12-15,2018-03-23,26,99.96
Anarchy in the U.K.,The Sex Pistols,2004-10-30,2004-10-30,1,2019.0
Anchor Drops,,2001-02-01,2024-06-13,274,9.47
Andy's Last Beer,,2000-05-26,2025-03-13,371,7.27
Angel From Motgomery,Bonnie Raitt,2025-04-04,2025-04-04,1,1.0
Angular Momentum,,2007-04-07,2010-01-14,5,339.2
Another Brick in the Wall,Pink Floyd,2001-08-24,2024-04-20,54,47.28
Another Brick in the Wall/Thriller,Pink Floyd/Michael Jackson,2008-10-31,2012-10-31,4,377.25
Anthem,Rush,2020-01-17,2020-01-17,1,356.0
Apeman,The Kinks,2001-12-31,2010-12-30,3,819.0
Ask Me No Questions,B.B. King,1999-01-28,2002-06-01,38,74.81
At Last,Etta James,2012-01-21,2012-01-21,1,1146.0
Atmosfarag,,2005-02-18,2023-09-15,110,18.1
Attachments,,2015-12-06,2025-03-15,137,5.4
Auf Wiedersehen,,2012-12-28,2016-04-21,5,208.0
August,,1998-02-11,2025-03-14,444,6.75
Auld Lang Syne,Robert Burns,2000-12-31,2024-12-31,23,112.91
Australian Lullaby,,2018-07-06,2024-08-28,2,245.5
Avenue,Citizen Dick,1998-08-22,2000-03-04,21,133.33
"B"" Movie Box Car Blues",Delbert McClinton,2022-12-31,2022-12-31,1,197.0
B. Onion,,2001-02-01,2001-02-01,1,2594.0
Baba O'Riley,The Who,2004-08-26,2025-01-16,58,35.38
Baby Bitch,Ween,2015-05-22,2015-05-22,1,779.0
Baby Come Back,Player,2022-12-31,2022-12-31,1,197.0
Baby Honey Sugar Darlin',,1998-08-27,2022-11-11,36,77.75
Baby You're A Rich Man,The Beatles,2000-10-28,2024-02-18,42,62.31
Back In Black,AC/DC,2002-03-23,2003-07-14,3,805.0
Back In Sexual Healing,AC/DC/Marvin Gaye,2015-10-31,2015-10-31,1,738.0
Bad Friday,,2013-12-31,2025-03-13,156,5.98
Bad Poker,,2002-07-10,2025-01-25,75,31.53
Bad is Bad,Huey Lewis and the News,2005-04-26,2006-05-18,3,652.67
Ballad of Jimi Hendrix,Stormtroopers of Death,2003-02-05,2003-12-04,3,762.67
Band on the Run,Wings,2001-10-19,2019-08-24,33,75.12
Barracuda,Heart,2009-11-14,2022-03-27,6,230.67
Bass solo,,2000-09-28,2019-04-27,14,187.86
Bathing Digits,,2014-02-22,2025-03-13,50,18.32
Bathtub Gin,Phish,1998-01-21,1998-05-23,6,472.33
Because,The Beatles,2002-12-31,2002-12-31,1,2297.0
Believe the Lie,,2005-02-16,2025-04-05,184,10.83
Bell Bottom Blues,Derek and the Dominos,2005-02-26,2005-09-30,4,496.25
Bennie and the Jets,Elton John,2012-08-11,2024-08-28,6,179.67
Big Bottom,Spinal Tap,1998-08-29,2023-12-29,39,71.74
Big Heart,The Lounge Lizards,2001-11-30,2024-07-07,34,72.56
Big Poppa,The Notorious B.I.G.,2013-03-09,2024-04-26,3,337.0
Billie Jean,Michael Jackson,1999-10-29,2013-12-16,31,86.9
Birthday,The Beatles,1998-09-19,2018-08-11,11,253.82
Bitch,The Rolling Stones,2018-07-20,2018-07-20,1,487.0
Bitter Sweet Symphony,The Verve,2014-05-26,2025-01-24,3,294.0
Bittersweet Haj,The Verve/Umphrey's McGee,2010-10-31,2023-01-29,7,182.0
Black Hole Sun,Soundgarden,2008-04-05,2008-04-05,1,1581.0
Black Messiah,The Kinks,2007-12-31,2014-12-31,2,803.0
Black Sabbath,Black Sabbath,2004-10-30,2022-02-20,16,126.19
Black Water,The Doobie Brothers,2001-03-17,2025-01-25,46,55.98
Bloody Well Right,Supertramp,2006-12-30,2013-04-17,15,115.07
Blue Echo,,2001-04-26,2024-12-31,284,9.4
Bob,,1998-01-21,2013-01-20,53,54.5
Bob's Cloud,Dr. Didg,2000-01-28,2007-02-27,17,157.94
Bombtrack,Rage Against the Machine,2008-02-15,2020-02-29,5,319.8
Bonafide Lovin',Chromeo,2009-04-11,2011-04-02,4,364.0
Booth Love,,2010-02-14,2025-03-21,254,5.33
Born Under a Bad Sign,William Bell/Booker T. Jones,2001-04-19,2007-04-03,2,1280.0
Brain Damage,Pink Floyd,2006-06-16,2025-03-14,3,596.67
Brass In Pocket,The Pretenders,2018-01-26,2018-01-26,1,529.0
Breaker,,2016-05-06,2024-02-10,17,40.41
Breathe,Pink Floyd,2005-12-31,2025-03-07,50,41.27
Bridge Of Sighs,Robin Trower,2006-11-08,2006-11-08,1,1737.0
Bridgeless,,2004-01-30,2025-04-05,632,5.04
"Bright Lights, Big City",Karl Engelmann,2004-01-30,2024-12-31,253,8.87
Bron-Y-Aur Stomp,Led Zeppelin,2010-04-24,2019-06-23,2,666.5
Bron-Yr-Aur,Led Zeppelin,2001-02-08,2016-03-25,13,199.31
Brown Eyed Girl,Van Morrison,2000-01-28,2000-01-28,1,2685.0
Bubblehouse,Medeski Martin & Wood,1998-01-29,1999-06-05,15,188.87
Bubbles,Herbie Hancock,2003-06-08,2003-12-10,4,557.25
Bullhead City,,2002-04-20,2025-04-04,18,133.33
Bulls on the Bus,Rage Against the Machine/The Beastie Boys,2010-10-30,2010-11-09,2,637.5
Bullshit Anthem,Fantastic Negrito,2019-12-31,2020-02-01,2,178.5
Burnin' and Lootin',Bob Marley,2005-05-13,2017-04-01,5,389.0
Burnin' for You,Blue Öyster Cult,2012-02-17,2012-02-17,1,1131.0
Burning Down the House,Talking Heads,1998-01-21,2012-04-20,25,113.36
Bus Call,,2011-04-02,2023-01-26,2,612.5
Bust a Move,Young MC,1998-10-31,1998-10-31,1,2783.0
Call to Arms,Sturgill Simpson,2016-12-31,2025-04-04,6,105.33
Can't Find My Way Home,Blind Faith,2001-02-08,2021-06-19,23,112.65
Can't Rock My Dream Face,The Weeknd/Fleetwood Mac/Michael Jackson,2015-10-31,2018-12-30,2,369.0
Can't Stand Losing You,The Police,2019-10-31,2020-03-05,2,183.5
Can't Take My Eyes Off Of You,Frankie Valli,2009-12-31,2009-12-31,1,1372.0
Can't You Hear Me Knocking,The Rolling Stones,2007-12-30,2024-04-13,35,45.91
Can't You See,The Marshall Tucker Band,2009-10-02,2022-07-23,20,70.15
Canary in a Coalmine,The Police,2017-12-31,2019-02-22,4,135.25
Canned Heat,Jamiroquai,2024-12-31,2024-12-31,1,31.0
Cantaloupe Island,Herbie Hancock,1999-04-01,2001-06-22,19,144.89
Cantaloupe Woman,Grant Green,1998-01-31,2000-05-12,14,202.29
Cantina Band,John Williams,2000-12-31,2013-04-26,3,865.67
Carol of the Bells,Leontovych/Wilhousky,1999-12-17,2002-12-12,3,896.0
Carry That Weight,The Beatles,2002-12-31,2013-04-26,4,574.25
Cars Trucks Buses,Phish,1998-02-27,1998-10-10,5,565.4
Cat Scratch Fever,Ted Nugent,2004-11-11,2005-02-24,2,1006.5
Catshot,,2009-02-19,2025-02-27,43,34.44
Celtic Alleluia,"Fintan O'Carroll, Christopher Walker",1998-06-05,2005-04-01,27,103.78
Cemetery Walk,,2009-01-19,2025-03-21,180,8.29
Cemetery Walk II,,2009-01-24,2025-03-21,159,9.48
Chameleon,Herbie Hancock,1999-04-01,2001-06-29,10,275.3
Chapter 1,,2016-01-28,2016-01-28,1,725.0
Chapter 10,,2016-01-28,2016-01-28,1,725.0
Chapter 11,,2017-01-27,2017-01-27,1,624.0
Chapter 12,,2017-01-27,2017-01-27,1,624.0
Chapter 13,,2017-01-27,2017-01-27,1,624.0
Chapter 14,,2017-01-27,2017-01-27,1,624.0
Chapter 15,,2017-01-27,2017-01-27,1,624.0
Chapter 16,,2017-01-27,2017-01-27,1,624.0
Chapter 17,,2017-01-27,2017-01-27,1,624.0
Chapter 18,,2017-01-27,2017-01-27,1,624.0
Chapter 19,,2017-01-27,2017-01-27,1,624.0
Chapter 2,,2016-01-28,2016-01-28,1,725.0
Chapter 20,,2017-01-27,2017-01-27,1,624.0
Chapter 21,,2017-01-27,2017-01-27,1,624.0
Chapter 3,,2016-01-28,2016-01-28,1,725.0
Chapter 4,,2016-01-28,2016-01-28,1,725.0
Chapter 5,,2016-01-28,2016-01-28,1,725.0
Chapter 6,,2016-01-28,2016-01-28,1,725.0
Chapter 7,,2016-01-28,2016-01-28,1,725.0
Chapter 8,,2016-01-28,2016-01-28,1,725.0
Chapter 9,,2016-01-28,2016-01-28,1,725.0
Chariots of Fire,Vangelis,2018-01-12,2018-01-12,1,539.0
Cheap Sunglasses,ZZ Top,2010-08-01,2025-03-20,32,40.84
Cherub Rock,The Smashing Pumpkins,2002-12-30,2023-09-15,36,63.83
Chevrolet,Taj Mahal,1999-07-24,2003-04-18,17,159.47
Chicago,,2012-04-26,2012-04-26,1,1104.0
Children's Story,Slick Rick,2008-02-17,2008-02-17,1,1597.0
Chitlins Con Carne,Kenny Burrell,2001-05-12,2007-07-05,14,182.14
Christmas In Hollis,Run-D.M.C.,2015-12-31,2015-12-31,1,733.0
Christmas Time Is Here,Vince Guaraldi,2005-12-08,2005-12-09,2,930.5
Church,Galactic,1999-04-01,2000-08-24,16,172.06
Cinnamon Girl,Neil Young,2006-12-30,2024-04-11,7,246.57
Cirrus,Bonobo,2023-08-19,2023-08-19,1,137.0
Cissy Strut,The Meters,1998-10-09,2001-09-18,34,87.13
City of Tiny Lites,Frank Zappa,2005-09-04,2005-09-04,1,1905.0
Clint Eastwood,Gorillaz,2013-03-15,2013-03-15,1,1008.0
Closer,Nine Inch Nails,2008-12-31,2008-12-31,1,1493.0
Cocaine,J.J. Cale,2003-09-10,2020-03-05,10,219.2
Cochise,Audioslave,2017-07-23,2017-07-23,1,571.0
Cold Gold,Brock Butler,2010-02-09,2010-06-03,2,679.0
Come As Your Kids,Nirvana/MGMT/Dead or Alive,2011-10-29,2025-03-15,18,64.72
Come Closer,Nine Inch Nails/The Beatles,2008-02-13,2025-03-22,30,53.33
Come To Mama,Etta James,2008-12-31,2008-12-31,1,1493.0
Come Together,The Beatles,2007-03-15,2018-10-14,2,853.0
Comfortably Numb,Pink Floyd,2009-02-22,2024-07-20,30,49.23
Coming In From the Cold,Bob Marley,2000-06-14,2019-01-26,19,140.16
Comma Later,,2012-04-27,2025-03-15,74,14.91
"Computer ""G""",Kenny Garrett,2001-06-02,2001-11-30,3,847.33
Concessions,,2024-04-27,2025-03-19,9,7.89
Conduit,,2010-02-13,2025-03-07,229,6.16
Constellations,,2013-04-26,2013-04-26,1,992.0
Controversy,Prince,2016-04-28,2024-10-26,8,86.25
Corduroy,Pearl Jam,2024-08-24,2025-02-27,2,24.0
Cowboys from Hell,Pantera,2004-12-09,2004-12-09,1,2002.0
Crazy Fingers,Grateful Dead,2008-09-01,2014-05-03,3,511.0
Creep,Radiohead,2021-11-19,2023-02-11,3,91.33
Crosseyed and Painless,Talking Heads,2023-05-27,2023-05-27,1,155.0
Crossroads,Johnson/Clapton,1999-05-11,1999-06-24,4,685.25
Crucial Taunt,,2012-05-27,2025-03-09,88,12.47
Cruel Summer,Banarama,2013-10-17,2013-10-17,1,951.0
Cult of Personality,Living Color,2021-11-13,2024-08-31,4,69.25
Cummins Lies,,2009-02-20,2016-02-14,24,61.67
Cut Off,,2016-12-31,2025-01-17,22,28.73
Cut the Cable,,2012-12-30,2025-03-19,111,9.35
Daffodils,Mark Ronson,2016-01-02,2025-03-19,19,38.47
Damn Right I've Got the Blues,Buddy Guy,2008-12-29,2012-04-26,2,747.5
Dance Hall Days,Wang Chung,2012-12-31,2025-03-12,9,115.22
Dancing Days,Led Zeppelin,2016-04-07,2018-08-24,4,175.0
Dark Brush,,2018-02-18,2020-02-15,10,52.0
Dark Side of the Street,Arlo McKinley and the Free People,2019-11-08,2019-11-08,1,363.0
Day Dreaming,Aretha Franklin,2008-12-13,2008-12-13,1,1496.0
Day Nurse,,2011-01-28,2025-03-22,174,7.26
Dayville Monarchy,,2022-07-16,2023-01-26,4,54.5
Dazed and Confused,Led Zeppelin,2021-07-03,2021-07-03,1,303.0
Dazzey Duks,Duice,2002-08-17,2002-11-01,3,783.67
"De Do Do Do, De Da Da Da",The Police,2002-12-12,2002-12-12,1,2301.0
DeWayne,,2001-02-02,2001-02-02,1,2593.0
Dear Doctor,The Rolling Stones,2001-04-20,2001-04-20,1,2559.0
Dear Lord,,1998-01-29,2024-07-06,56,50.59
Dear Prudence,The Beatles,2002-09-18,2024-04-18,25,93.48
Debra,Beck,2000-07-22,2022-04-28,9,294.67
Dee,Randy Rhoads,2004-03-23,2021-08-12,8,263.75
Deeper,,2010-12-31,2025-01-17,86,14.66
Demolition Man,The Police,2010-12-31,2010-12-31,1,1261.0
Den,,2012-04-27,2025-03-13,78,14.14
Depth Charge,,2012-05-26,2021-08-20,20,54.9
Der Bluten Kat,,1998-08-27,2025-03-06,702,5.72
Detroit Rock City,Kiss,2012-02-18,2018-12-31,2,565.0
Dick in a Box,The Lonely Island,2006-12-31,2019-12-31,3,575.0
Dig A Pony,The Beatles,2005-10-28,2024-07-17,9,208.56
Digital Buddha,The Disco Biscuits,2006-06-10,2006-06-10,1,1792.0
Dim Sun,,2011-09-14,2024-07-17,11,107.55
Dio,Tenacious D,2001-11-16,2001-11-16,1,2470.0
Dirty Love,Frank Zappa,1999-10-01,2023-02-03,36,75.0
Divisions,,1998-01-21,2025-03-07,445,8.21
Domino Theory,,2011-09-06,2025-03-15,124,9.93
Don't Do It,The Band (Holland / Dozier / Holland),2004-12-31,2021-06-27,3,665.67
"Don't Fear the Doves, Snucka",Prince/Umphrey's McGee/Blue Öyster Cult,2013-10-31,2013-10-31,1,942.0
Don't Fight It,Wilson Pickett,2011-05-29,2011-05-29,1,1216.0
Don't Stop 'til You Get Enough,Michael Jackson,2008-12-31,2016-05-07,9,165.89
Don't Stop Until Crosstown Traffic,Michael Jackson/Jimi Hendrix,2010-07-03,2010-07-03,1,1320.0
Don't Stop the Spirit of the Radio,Journey/Rush,2010-10-31,2010-11-04,2,637.0
"Don't Think Twice, It's All Right",Bob Dylan,2025-04-04,2025-04-04,1,1.0
Don't You (Forget About Me),Simple Minds,2013-12-30,2025-03-07,15,62.27
Dough Bro,,2002-11-01,2022-01-21,3,771.0
Down Under,Men at Work,1998-04-04,2023-09-17,78,36.14
Downtrodden,,2016-05-06,2016-05-06,1,687.0
Dr. Feelgood,Mötley Crüe,2002-04-10,2022-09-10,49,49.16
Draconian,,2015-05-01,2025-03-20,81,9.9
Dream Team,,2012-04-27,2012-04-27,1,1103.0
Dreams,Fleetwood Mac,2011-02-13,2013-04-13,4,311.0
Drift Away,Mentor Williams,2018-08-12,2018-08-12,1,482.0
Drink My Drank,,2012-12-29,2025-02-01,18,57.72
Driven to Tears,The Police,2014-05-23,2025-01-16,30,29.53
Drums,,1998-02-20,2025-01-18,228,12.91
Duck Butter,,2003-07-27,2008-09-01,3,733.67
Dump City,,2002-01-23,2025-02-27,364,7.18
E-Pro,Beck,2021-08-22,2021-08-22,1,287.0
E.T.I.,Blue Öyster Cult,2003-11-22,2019-02-14,31,69.48
East Nashville Easter,Yonder Mountain String Band,2011-07-13,2011-07-13,1,1200.0
Easy,The Commodores,2003-02-14,2007-09-15,2,1140.5
Eat,,2006-02-22,2025-03-14,145,15.75
Eclipse,Pink Floyd,2006-06-16,2025-03-14,3,596.67
Educated Guess,,2014-07-05,2025-03-12,92,9.43
Electric Avenue,Eddy Grant,1998-10-31,1998-10-31,1,2783.0
Electric Avenue to Hell,Umphrey's McGee/AC/DC/Eddy Grant,2013-10-31,2022-03-26,5,188.4
Elephants,Karl Denson,2023-12-31,2023-12-31,1,117.0
Eminence Front,The Who,2009-03-28,2024-02-16,29,50.55
Empty the Tank,,2009-04-05,2009-04-05,1,1461.0
End of the Road,,2006-04-03,2025-03-20,102,17.93
Enter Sandman,Metallica,2023-06-17,2023-06-17,1,146.0
Equal Rights,Peter Tosh,1999-07-24,2010-10-06,24,112.96
Escape,Rupert Holmes,2017-07-23,2017-07-23,1,571.0
Escape Goat,,2022-07-15,2025-03-19,43,5.09
Even If You Don't,Ween,2015-05-22,2022-01-22,3,259.67
Every Little Thing She Does Is M...,The Police,2019-10-31,2019-10-31,1,367.0
Every Rose Has Its Thorn,Poison,1998-10-31,2001-09-08,3,927.67
Example 1,,1999-08-27,2025-03-12,343,8.3
Exit Signs,,2022-11-12,2025-01-24,8,24.88
FDR,,2003-04-23,2013-04-26,2,1124.5
FF,,1998-01-21,2025-01-23,327,8.88
Fame,David Bowie and John Lennon,2004-02-05,2025-01-22,19,112.32
Family Feud theme,Edd Kalehoff,2002-07-19,2006-05-04,20,124.16
Farther Down The Road (You Will ...,Taj Mahal,2001-12-31,2006-12-31,2,1228.5
Fat Man in the Bathtub,Little Feat,2018-12-31,2019-02-15,2,226.5
Father and Son,Cat Stevens,2002-10-05,2002-10-05,1,2327.0
Fearless,Pink Floyd,2006-09-22,2023-11-30,7,251.14
Feel Like Makin' Love,Bad Company,2021-11-13,2021-11-13,1,277.0
Feelin' Alright,Traffic/Joe Cocker,2014-12-31,2015-02-12,2,413.5
Fenced In,,2022-08-20,2025-03-19,26,8.15
Final Word,,2013-04-26,2025-03-06,37,26.81
Flamethrower,,2012-02-10,2024-02-09,32,35.5
Fly Like a Beagle,,2016-05-06,2016-05-06,1,687.0
Flying,The Beatles,1999-12-18,2025-03-20,36,74.64
Fool in the Rain,Led Zeppelin,1999-01-21,2019-01-11,96,32.23
Fool's Gold,,2013-04-26,2013-04-26,1,992.0
Footsteps,Pearl Jam,2020-03-07,2020-03-07,1,334.0
Forks,,2011-05-28,2025-03-05,30,40.57
Forty-Six & 2,Tool,2012-04-27,2022-11-11,12,91.92
Frankie Zombie,White Zombie/Frankie Goes to Hollywood/Pink Floyd,2012-10-27,2025-01-31,17,61.76
Franklin's Tower,Grateful Dead,1998-04-01,2005-02-12,4,705.0
Freedom of '76,Ween,2012-02-11,2017-09-23,3,378.33
Freedom! '90,George Michael,1999-06-06,2019-11-01,12,227.5
Friend of the Devil,Grateful Dead,2005-04-01,2005-04-01,1,1969.0
From the Beginning,"Emerson, Lake & Palmer",2016-03-11,2016-03-11,1,710.0
Front Porch,,1998-05-21,2025-03-01,351,10.35
Front Port,,2001-02-08,2002-12-13,3,863.67
Fu-Gee-La,Fugees,2024-06-22,2024-06-22,1,60.0
Fuck You,Cee Lo Green,2010-09-04,2010-10-08,2,648.5
Full Frontal,,2015-01-01,2023-08-27,12,68.83
Funk Improv,,2014-05-03,2014-05-03,1,888.0
Funk Jam,,2010-04-24,2010-04-24,1,1333.0
Funky Bitch,Son Seals,1998-05-02,1998-05-27,2,1405.0
Funky Stuff,Kool & the Gang,2013-12-31,2013-12-31,1,933.0
G-Song,,1998-01-29,2014-11-08,107,34.98
Garbage Man,Ike Turner and the Family Vibes,1999-12-17,2004-10-08,33,81.45
Gents,,2014-05-03,2021-08-14,17,52.24
Gesture Under a Mitten,,2002-01-23,2002-08-27,35,70.17
Get Down,War,2001-08-11,2002-11-22,23,109.17
Get In The Van,,2001-08-11,2024-08-22,258,9.73
Get Lucky,Daft Punk,2013-04-20,2013-04-26,2,496.5
Get Up (I Feel Like Being a) Sex...,James Brown,2010-12-31,2010-12-31,1,1261.0
Ghostbusters,Ray Parker Jr.,1998-10-31,1998-10-31,1,2783.0
Gin and Juice,Snoop Dogg,2002-11-14,2012-07-04,3,770.33
Girlfriend is Better,Talking Heads,2010-04-24,2025-03-05,34,39.21
Give It To Mama Jama,Carl Carlton/Rick James,2014-10-31,2014-10-31,1,839.0
Glide,Pleasure,2013-12-30,2017-12-03,4,233.5
Glory,,2002-05-17,2025-03-15,386,6.31
Go to Hell,,2009-10-03,2025-03-15,85,17.1
Gobbler's Knob,,2015-08-15,2015-08-15,1,753.0
God Gave Rock 'n' Roll To You II,Kiss,2006-11-17,2006-11-17,1,1731.0
Goin' Down Slow,St. Louis Jimmy Oden,2005-11-19,2005-11-19,1,1866.0
Going to California,Led Zeppelin,2011-04-02,2023-09-10,2,612.5
Golden Slumbers,The Beatles,2002-12-31,2013-04-26,4,574.25
Golden Years,David Bowie,2016-12-31,2024-06-15,3,210.67
Gone for Good,,2016-01-01,2018-03-08,16,45.75
Good Morning Good Morning,The Beatles,2004-12-31,2012-12-31,2,998.5
Good Ol' Boys,Waylon Jennings,2001-08-11,2016-08-19,55,46.5
Good Times Bad Times,Led Zeppelin,2018-08-24,2023-09-10,4,119.0
Goodbye Blue Sky,Pink Floyd,2001-11-02,2001-11-02,1,2471.0
Goonville,,2015-03-08,2024-08-29,24,33.33
Got Me Wrong,Alice In Chains,2001-08-18,2002-09-17,11,228.0
Got Your Milk (Right Here),Ali Baba's Tahini,2005-12-09,2025-03-05,172,10.81
Graceland,Paul Simon,2010-02-09,2020-02-12,5,271.6
Gravity's Real,,2013-04-26,2023-02-25,4,248.0
Great American,,2004-10-22,2025-01-19,172,14.67
Groove Holmes,Beastie Boys,1998-02-19,2016-03-18,30,94.3
Gulf Stream,,2008-02-15,2024-04-25,78,20.5
Gurgle,,2012-02-16,2025-02-28,48,23.58
Gut Strut,,1998-02-11,1999-05-19,21,134.76
Hajimemashite,Tashi Station,1998-01-31,2025-03-14,388,7.39
Half Delayed,,2017-12-30,2025-03-07,83,6.53
Halloween theme,John Carpenter,2003-10-31,2012-10-31,3,721.67
Handshake Drugs,Wilco,2019-08-18,2019-08-18,2,386.0
Hang Up Your Hang Ups,Herbie Hancock,2014-12-31,2019-01-16,8,103.38
Hanging Chads,,2018-10-18,2021-06-19,3,154.67
Hangover,,1998-09-12,2025-01-25,419,7.74
Happiness is a Warm Gun,The Beatles,2013-06-21,2013-06-21,1,977.0
Happy Birthday,,1999-01-21,2001-02-10,2,1386.0
Have A Cigar,Pink Floyd,2019-06-21,2023-08-24,4,101.0
Headphones & Snowcones,,2002-10-04,2022-01-21,9,258.67
Heart and Soul,Huey Lewis and the News,2003-10-31,2024-07-04,24,90.21
Heights,Matisyahu,2007-10-20,2007-10-20,1,1629.0
Hells Bells,AC/DC,2003-04-20,2003-04-20,1,2251.0
Help On the Way,Grateful Dead,1998-03-05,2025-03-21,24,117.71
Helplessly Hoping,"Crosby, Stills, & Nash",2023-01-20,2023-01-20,1,191.0
Helter Skelter,The Beatles,2005-10-28,2015-05-01,2,938.5
Her Majesty,The Beatles,2002-12-31,2003-02-05,2,1148.5
Hey Nineteen,Steely Dan,1999-09-17,2025-03-05,91,30.36
"Hey, Hey What Can I Do",Led Zeppelin,2012-12-30,2023-09-10,6,173.0
Hiccup,,2022-09-10,2025-03-07,40,5.03
Higgins,,2005-08-26,2025-03-14,344,5.79
Highway to Hell,AC/DC,2003-03-28,2003-03-28,1,2264.0
Hill Street Blues theme,Mike Post,2002-11-15,2004-02-27,2,1155.0
Hindsight,,2015-01-01,2025-03-15,27,30.59
Hit It and Quit It,Funkadelic,2013-12-31,2014-05-23,2,466.5
Hold Me Now,Thompson Twins,2017-09-23,2017-09-23,1,558.0
Hold on Loosely,38 Special,2009-02-15,2009-02-15,1,1482.0
Holding Back the Years,Simply Red,2007-12-29,2007-12-29,1,1608.0
Hollywood Nights,Bob Seger,2009-10-29,2024-05-25,21,66.19
Home,The New Deal,2014-04-02,2019-08-18,2,450.5
Home Again,The Disco Biscuits,2006-05-05,2013-07-11,2,903.0
Home Sweet Home,Mötley Crüe,1999-09-04,2009-05-02,8,338.0
Honey Bunch,"Brian, Colin and Vince",2009-02-15,2009-02-15,1,1482.0
Honky Cat,Elton John,2024-12-31,2024-12-31,1,31.0
Honky Tonk Women,The Rolling Stones,2005-11-04,2015-02-12,3,625.0
Hoochie Coochie Man,Willie Dixon,2008-12-29,2012-04-26,2,747.5
Hot for Teacher,Van Halen,2003-03-27,2022-02-19,31,73.06
Hourglass,,2011-05-27,2025-04-05,58,21.0
Hours,,1998-01-21,1999-10-22,45,62.98
House of Better Glass,House of Pain/Blondie/Tame Impala,2024-04-27,2024-10-26,2,35.5
How Many More Times,Led Zeppelin,2004-10-25,2023-09-10,11,183.91
Hunger Strike,Temple of the Dog,2017-05-18,2024-04-26,2,296.0
Hurt Bird Bath,,2001-10-04,2025-03-19,559,4.89
Hurtin' House,Esther Phillips,2000-08-18,2002-02-13,9,293.89
Hysteria,Def Leppard,2001-05-25,2023-08-27,16,159.19
I Am Hydrogen,Phish,1998-01-21,1998-03-19,6,472.33
I Am Trying to Break Your Heart,Wilco,2010-02-14,2010-02-14,1,1354.0
I Am the Walrus,The Beatles,2001-05-11,2018-01-25,49,52.06
I Can't Go for That (No Can Do),Hall & Oates,2011-06-04,2022-04-29,5,242.6
I Don't Know What I Want,,2022-01-21,2025-03-13,43,6.26
I Don't Need No Steam Heat,John Lee Hooker,2006-10-20,2006-10-20,1,1745.0
I Got Love,Nate Dogg,2013-03-23,2016-08-12,4,250.75
I Got You (I Feel Good),James Brown,2016-04-07,2016-04-07,1,700.0
I Heard It Through the Grapevine,Bill Frisell (Whitfield / Strong),2006-10-20,2020-10-10,12,145.42
I Keep Forgettin',Michael McDonald,2010-02-14,2024-02-09,4,451.33
I Know a Little,Lynyrd Skynyrd,2025-04-04,2025-04-04,1,1.0
I Ran,A Flock of Seagulls,2004-03-12,2025-02-26,50,42.32
I Still Haven't Found What I'm L...,U2,2008-12-31,2008-12-31,1,1493.0
I Wanna Be Your Lover,Prince,2017-10-28,2023-08-25,11,50.09
I Want You (She's So Heavy),The Beatles,2006-12-29,2024-06-20,36,47.97
I Want You Back,Jackson 5,1999-06-17,2002-04-22,39,69.92
I Want a New Drug,Huey Lewis and the News,2000-04-07,2023-09-08,8,334.25
I'll Take You There,The Staple Singers,2005-04-26,2005-04-26,1,1958.0
I'm On Fire,Bruce Springsteen,2009-10-08,2022-07-15,23,60.87
I've Got a Feeling,The Beatles,1999-12-17,2013-03-07,21,128.0
Ignition,R. Kelly,2015-12-31,2016-03-26,3,244.33
Immigrant Song,Led Zeppelin,2005-04-16,2023-09-10,38,52.97
In Bloom,Nirvana,2002-04-29,2025-03-06,33,72.58
In The Black,,2015-05-01,2025-03-19,46,17.0
In The Kitchen,,2002-12-06,2025-04-04,574,4.85
In The Puppet Kitchen,,2011-10-29,2013-12-30,2,582.5
In Violation of Yes,,2002-05-16,2011-04-02,65,36.8
In a Silent Way,Miles Davis,2000-10-06,2017-03-17,18,145.89
In the Flesh?,Pink Floyd,1998-12-09,2024-04-20,69,40.25
In the Hall of the Mountain King,Edvard Grieg,2000-05-27,2015-07-03,24,111.08
Infernal Dance of All Kastchei's...,Igor Stravinsky,1999-02-27,2000-09-09,23,119.96
Instant Karma!,John Lennon,2006-12-30,2006-12-30,1,1726.0
Intentions Clear,,2006-04-15,2025-03-13,212,8.62
Interstate Love Song,Stone Temple Pilots,2002-04-22,2024-04-13,5,479.6
Intro,,1998-01-21,2021-05-01,227,13.12
It Doesn't Matter,,2018-01-11,2025-03-14,70,7.71
It's About That Time,Miles Davis,2000-09-14,2025-04-05,76,34.64
It's All Right,Curtis Mayfield and the Impressions,2011-06-04,2011-06-04,1,1213.0
It's Gonna Be A Long Night,Ween,2008-02-17,2021-11-13,3,532.33
It's Not Impossible,KVHW,2005-09-29,2005-09-29,1,1892.0
It's Not Your Fault,,2022-09-09,2025-03-15,14,14.43
It's So Easy,Guns N' Roses,2004-02-06,2013-07-02,6,355.5
It's the End of the World as We ...,R.E.M.,2012-12-20,2015-01-03,2,520.5
JaJunk,,2002-09-06,2025-03-20,594,5.25
Jam,,1998-11-04,2022-07-23,55,54.55
Jamaica Farewell,Harry Belafonte,2002-09-07,2002-09-20,2,1169.5
Jane Says,Jane's Addiction,2001-05-04,2023-12-02,37,69.0
Japanese Cowboy,Ween,2015-05-22,2015-05-22,1,779.0
Jared,,2001-03-24,2001-09-14,7,514.2
Jekyll & Hyde,,2011-12-29,2025-04-05,18,64.11
Jessica,The Allman Brothers Band,1998-09-25,2025-01-31,63,45.02
Jesus Is Just Alright,Doobie Brothers,1999-06-24,2002-04-02,16,170.25
"Jesus, Etc.",Wilco,2025-03-08,2025-03-08,1,11.0
Jive Talkin',The Bee Gees,2000-08-24,2000-09-01,2,1321.0
Join Together,The Who,2016-07-03,2016-10-21,2,337.0
Jose,,1999-09-17,2001-09-08,26,103.92
Jump,Van Halen,1998-01-29,2003-06-19,7,404.71
Jumpin' Jack Wedding Party (All ...,The Rolling Stones/Billy Idol/Eddie Murphy,2016-10-30,2016-10-30,1,639.0
Junct,Garaj Mahal,2002-07-04,2002-07-04,1,2368.0
Just What I Needed,The Cars,2014-02-22,2014-04-17,2,458.0
Just a Friend,Biz Markie,2000-09-01,2005-09-23,5,527.4
Just a Gigolo,Brammer/Caesar/Casucci,2005-12-31,2005-12-31,1,1857.0
Just the Two of Us,Bill Withers,2009-04-16,2009-04-16,1,1455.0
Kabump,Ali Baba's Tahini,1998-08-27,2025-03-06,247,11.47
Kashmir,Led Zeppelin,2003-10-09,2025-03-22,27,80.52
Kat's Tune,Ali Baba's Tahini,2001-03-16,2013-07-03,94,27.7
Kaw-Liga,Charley Pride,2025-04-04,2025-04-04,1,1.0
Keefer,,2009-08-28,2019-08-22,9,157.67
Kid Charlemagne,Steely Dan,2011-03-13,2024-05-25,6,204.83
Kielbasa,Tenacious D,2001-11-16,2024-05-16,8,308.75
Kimble,,1998-01-21,2025-01-22,289,9.81
King of Pain,The Police,2019-10-31,2019-10-31,1,367.0
Kinky Reggae,Bob Marley,2000-06-23,2024-02-08,40,66.5
Kiss Me Deadly,Lita Ford,2003-02-07,2003-02-07,1,2286.0
Kula,,2007-12-29,2025-03-06,57,28.21
L.A. Woman,The Doors,2003-12-10,2003-12-10,1,2147.0
La Grange,ZZ Top,2012-04-28,2018-10-14,4,275.5
Lady,Little River Band,2001-02-02,2001-02-02,1,2593.0
Lady Madonna,The Beatles,2009-12-30,2009-12-30,1,1373.0
Land Of Wappy,Umphrey's McGee/Genesis/Metallica,2009-10-31,2010-04-24,2,694.0
Larceny,,2013-04-27,2013-04-27,1,991.0
Last Call,,2002-02-08,2014-12-31,38,64.34
Last Caress,Misfits,2016-07-17,2016-07-17,1,668.0
Last Man Swerving,,2001-03-17,2024-12-30,174,14.97
Last Train Home,Pat Metheny,2003-10-23,2021-11-14,21,103.19
Late in the Evening,Paul Simon,2000-01-28,2016-04-07,9,298.33
Layla,Derek and the Dominos,2005-03-31,2025-03-08,28,70.36
Le Blitz,,2013-05-31,2025-03-05,45,21.89
Lean On Me,Bill Withers,2015-08-14,2015-08-14,1,754.0
Leave Me Las Vegas,,2009-03-05,2024-10-26,14,105.36
Led Boots,Jeff Beck,2015-01-03,2023-01-12,3,274.67
Led Zeppelin Medley,Led Zeppelin,2004-02-26,2004-02-26,1,2122.0
Legalize It,Peter Tosh,2007-12-16,2013-12-30,2,804.5
Lenny,Stevie Ray Vaughan,2000-10-27,2025-04-04,54,48.48
Let 'Em In,Wings,2009-03-13,2011-07-10,3,490.33
Let It Rock,Chuck Berry,2011-02-10,2011-02-10,1,1247.0
"Let Me Go Home, Whiskey",Asleep at the Wheel,2005-10-28,2011-02-09,11,170.64
Let The Good Times Roll,Louis Jordan,2008-12-31,2008-12-31,1,1493.0
Let's Dance,David Bowie,2011-12-31,2024-04-21,33,34.91
Let's Get It On,Marvin Gaye,2000-04-07,2011-02-19,3,891.33
Let's Go Crazy,Prince,2017-10-28,2017-10-28,1,551.0
Liberty Echo,,2012-04-27,2025-03-19,19,58.05
Licking Stick,James Brown,2003-04-18,2003-04-28,2,1126.0
Life,Perpetual Groove,2023-12-01,2023-12-01,1,121.0
Life During Exodus,Talking Heads/Bob Marley/Frank Zappa,2012-10-27,2025-03-21,27,38.89
Lift & Separate,,2012-04-27,2013-02-01,2,551.5
Limelight,Rush,2020-01-18,2020-01-30,2,177.5
Linus and Lucy,Vince Guaraldi,1998-01-21,2002-11-21,22,128.82
Liquid,,2006-03-10,2023-01-19,45,40.87
Lisztomania,Phoenix,2010-02-25,2010-10-07,3,450.67
Little Gift,,2014-06-29,2025-03-12,39,22.33
Little Red Corvette,Prince,2017-10-28,2017-10-28,1,551.0
Little Wing,Jimi Hendrix,2008-04-05,2008-04-05,1,1581.0
Live and Let Die,Paul McCartney & Wings,2011-05-28,2025-03-13,32,39.26
Lively Up Yourself,Bob Marley,1998-09-11,2018-08-11,54,52.75
Living In America,James Brown,2014-12-31,2014-12-31,1,827.0
Living On a Farm,Ali Baba's Tahini,2009-02-13,2009-02-13,1,1484.0
Lodi Dodi,Snoop Dogg,2003-06-27,2003-06-27,1,2219.0
London Calling,The Clash,2008-02-09,2023-06-04,8,200.38
London Dungeon,The Misfits,2014-06-21,2014-06-21,1,875.0
Looks,,2018-01-13,2025-03-22,60,9.12
Loose Ends,,2012-03-25,2025-01-18,55,20.25
Lord Bail Ship,,2016-07-09,2017-06-02,3,223.67
Lost Due to Incompetence (Theme ...,Yesca,2001-04-18,2001-04-18,1,2561.0
Louisiana 1927,Randy Newman,2006-06-01,2006-06-01,1,1798.0
Lucid State,,2014-07-05,2016-08-11,9,96.44
"Luckenbach, Texas (Back to the B...",Waylon Jennings,2004-02-27,2013-10-17,7,303.0
M.C. Escher,Ali Baba's Tahini,1998-05-23,1998-05-23,1,2804.0
Machine Gun,The Commodores,2001-12-31,2003-08-16,4,614.25
Mad Love,,2014-05-03,2025-02-01,62,14.32
Made to Measure,,2008-12-30,2025-03-21,83,18.22
Mail Package,,2003-10-31,2025-03-13,208,10.56
Make It Right,,2015-05-01,2025-03-21,70,11.17
Make Me,John Scofield,2000-05-26,2014-05-24,24,111.13
Making Flippy Floppy,Talking Heads,2004-08-07,2025-03-20,86,24.49
Mama I'm Coming Home,Ozzy Osbourne,2004-10-30,2007-03-06,2,1009.5
Mammas Don't Let Your Babies Gro...,Waylon Jennings,2025-04-04,2025-04-04,1,1.0
Mamu,,1999-04-28,2015-05-01,93,29.52
Maneater,Hall & Oates,2011-12-30,2012-02-18,2,576.5
Mantis,,2009-01-22,2025-04-04,290,8.02
Mantis Ghetts,,2009-07-15,2025-04-04,34,43.24
Maple Leaf Rag,Scott Joplin,1999-06-30,2004-04-03,8,340.13
March of the S.O.D.,Stormtroopers of Death,2004-02-07,2009-03-26,6,355.33
Marquee Moon,Television,2006-04-21,2006-04-21,1,1816.0
Masoko Tanga,The Police,2007-03-14,2018-10-20,12,170.7
Maybe Someday,,2018-01-14,2025-04-04,60,8.95
Me and My Uncle,Grateful Dead,2025-04-04,2025-04-04,1,1.0
Mean Mr. Mustard,The Beatles,1998-04-04,2018-08-11,8,352.38
Mediterranean Sundance,Al Di Meola,2001-07-03,2004-08-07,3,841.67
Meeting in the Aisle,Radiohead,2006-07-18,2024-08-25,21,84.81
Memories of Home,,2006-08-17,2018-01-20,6,295.0
Memphis Underground,Herbie Mann,2005-04-01,2009-10-03,5,393.8
Mercedes Benz,Janis Joplin,2001-10-27,2003-05-25,3,824.33
"Mercy, Mercy, Mercy",Joe Zawinul,2007-09-13,2007-09-13,1,1641.0
Message in a Bottle,The Police,2010-08-12,2025-02-28,4,325.0
Miami Virtue,,2011-09-07,2025-02-26,152,7.83
Mike's Song,Phish,1998-01-21,1998-08-29,10,283.4
Miles Beyond,Mahavishnu Orchestra,2004-03-25,2005-02-25,4,527.25
Miss Gradenko,The Police,2001-08-12,2017-01-22,39,64.36
Miss Tinkle's Overture,,2002-10-09,2025-04-05,497,5.03
Miss You,The Rolling Stones,2012-06-29,2024-07-19,6,182.0
Mixed Bizness,Beck,2010-12-31,2010-12-31,1,1261.0
Moby Dick,Led Zeppelin,1998-01-21,2015-03-15,25,113.36
Modern Love,David Bowie,2019-12-31,2019-12-31,1,357.0
Mondo Garaj,Garaj Mahal,2002-07-04,2002-07-04,1,2368.0
Money For Nothing,Dire Straits,2012-10-31,2013-01-25,2,524.5
Mood for a Day,Yes,2007-10-19,2012-11-03,5,326.0
Moogasauras Rex,,2002-02-06,2002-06-27,7,349.57
Morning Song,,2006-02-16,2025-01-30,149,12.4
Mother,Danzig,2012-07-01,2014-05-04,5,218.0
Motherless Children,Eric Clapton,2007-04-15,2007-04-15,1,1691.0
Move Your Rug,Jeff Coffin,2009-12-31,2009-12-31,1,1372.0
Moving In Stereo,The Cars,2019-09-21,2019-09-21,1,375.0
Much Obliged,,1998-04-15,2025-03-22,448,6.79
Muff II: The Revenge,,1998-09-11,2024-03-22,128,22.02
Muffburger Sandwich,,1998-01-21,2010-04-24,49,69.12
Muffin Man,Frank Zappa,2016-07-02,2016-07-02,1,675.0
Mulche's Odyssey,Ali Baba's Tahini,2002-10-10,2025-03-20,426,5.68
Mullet (Over),,2001-01-27,2025-04-05,217,12.07
Muscle Shoals Nitty Gritty,Herbie Mann,2009-03-05,2021-08-08,11,134.09
My Favorite Things,John Coltrane (Rodgers & Hammerstein),1999-09-02,2001-12-12,16,169.06
My Old School,Steely Dan,2006-12-31,2006-12-31,1,1725.0
Nachos for Two,,1998-11-04,2003-11-01,92,30.24
National Loser Anthem,Radiohead/Beck/Phil Collins,2014-10-31,2020-02-15,4,209.75
Natural Mystic,Bob Marley,2011-12-30,2011-12-30,1,1153.0
Nebraska,moe.,1998-11-04,1998-11-20,2,1391.0
Nemo,,2004-01-30,2025-02-26,346,7.66
Nemo's Fat Bottomed Good Times,Umphrey's McGee/Queen/Led Zeppelin,2009-10-31,2010-02-25,4,347.0
Nether,,2021-06-20,2021-08-20,2,154.5
Never Cease,,2003-09-25,2025-02-01,10,218.2
New Wings,,2022-06-18,2025-03-19,22,10.23
Night Gambler,Kenny Rogers/The Bee Gees/The Sugarhill Gang/Public Ene,2009-10-31,2009-10-31,1,1388.0
Night Moves,Bob Seger,2004-06-08,2015-04-24,11,188.55
Night Nurse,,2009-11-20,2025-03-14,101,13.65
Nineteen Hundred and Eighty-Five...,Wings/Terrence Trent D'Arby/Umphrey's McGee,2011-10-29,2011-10-29,1,1165.0
Nipple Trix,,2011-05-28,2025-04-04,55,22.13
No Comment,,2010-03-04,2025-02-27,53,25.42
No Diablo,,2013-04-26,2025-04-05,84,11.81
No Excuses,Alice In Chains,2024-03-17,2025-03-15,4,22.0
No More Tears,Ozzy Osbourne,2004-10-30,2024-04-26,21,96.14
No Ordinary Love,Sade,2001-02-10,2016-05-07,10,258.9
No Quarter,Led Zeppelin,2002-03-07,2023-09-10,7,404.33
No Woman Let It Be,Bob Marley/The Beatles,2011-10-28,2011-10-28,1,1166.0
Non-Compliance,,2015-05-01,2017-07-09,4,195.5
Nopener,,2003-11-19,2025-04-05,92,24.51
North Route,,2016-12-30,2022-09-02,23,27.52
Norwegian Wood,The Beatles,2004-04-21,2004-04-21,1,2099.0
Not Fade Away,Buddy Holly,2011-09-06,2011-09-06,1,1191.0
Nothing Too Fancy,Ali Baba's Tahini,2000-10-27,2025-03-15,741,5.25
November Walk,Guns N' Roses/Umphrey's McGee,2010-10-31,2010-10-31,1,1274.0
Nuthin' but a 'G' Thang,Dr. Dre,2001-02-09,2014-05-03,24,107.92
Ocean Billy,,2003-10-31,2025-03-19,353,7.76
October Rain,,2014-01-18,2022-09-02,27,34.44
Oesque,,2001-02-17,2001-02-17,1,2586.0
Oh Shenandoah,trad.,2004-09-04,2004-09-04,1,2047.0
Oh What a World,Rufus Wainwright,2005-03-22,2005-03-22,1,1974.0
Once In a Lifetime,Talking Heads,2015-08-14,2021-10-09,4,188.5
One,Metallica,2002-04-19,2003-05-25,3,800.33
"One More Wicked, Cruel Summer",Chris Isaak/Bananarama/Daft Punk,2016-10-30,2016-10-30,1,639.0
Onward & Upward,,2014-05-03,2017-07-23,2,444.0
Ophelia,The Band,2004-12-31,2023-08-17,8,249.63
Ordinary Times,,2022-11-11,2023-06-15,6,33.33
Orfeo,,1998-01-21,2025-02-02,93,30.47
Orion,Metallica,2013-04-26,2013-04-26,1,992.0
Out Of Order,,2000-08-17,2025-03-13,274,9.69
Out of Focus,,2022-11-12,2025-03-21,20,10.47
Outshined,Soundgarden,2019-05-26,2021-08-14,4,102.0
Padgett's Profile,Ali Baba's Tahini,2001-04-06,2024-04-13,186,16.34
Panama,Van Halen,2004-04-27,2025-02-02,20,104.7
Papa Can Change a Blurred Stone,The Temptations/Robin Thicke/Marvin Gaye/LCD Soundsyste,2013-10-31,2013-10-31,1,942.0
Paradise City,Guns N' Roses,2003-09-13,2018-01-20,3,729.67
Partyin' Peeps,Karl Engelmann,2004-07-15,2025-03-08,308,6.8
Passing,,2005-03-26,2024-12-29,84,23.49
Pathetique,Beethoven,2004-05-07,2004-05-07,1,2089.0
Patience,Guns N' Roses,1998-03-19,2021-11-19,38,74.32
Pay the Snucka,,2000-08-17,2025-03-13,459,7.11
Pearl Necklace,ZZ Top,2003-09-13,2007-10-25,7,312.71
Peg,Steely Dan,2010-12-29,2015-01-30,10,126.3
Peter Gunn / Every Breath You Take,Harry Mancini/The Police,2002-10-05,2018-01-26,24,101.17
Phil's 7 Nation Money Farm,Umphrey's McGee/The White Stripes/Pink Floyd/Led Zeppel,2008-10-31,2014-08-15,4,377.25
Phil's Farm,,1998-01-21,2025-04-05,524,6.41
Philosophy,Ben Folds Five,1998-01-21,1998-01-29,4,1417.0
Physical,Olivia Newton-John,2019-12-31,2019-12-31,1,357.0
Piano Sonata #16 in C Major,Mozart,2007-10-31,2007-10-31,1,1622.0
Pick Up the Pieces,Average White Band,2000-01-28,2001-07-17,3,895.0
Pick Your Nose,,1998-02-19,2003-11-01,30,104.78
Pipeline,The Chantays,2003-04-10,2024-05-17,39,57.82
Piranhas,,2014-12-31,2025-03-05,31,26.68
Play This,Keller Williams,2005-12-30,2006-01-07,2,929.0
Pleas,Widespread Panic,2023-12-02,2023-12-02,1,120.0
Plunger,,2004-07-08,2025-04-05,464,5.39
Plush,Stone Temple Pilots,2015-12-06,2024-04-26,3,245.0
Polythene Pam,The Beatles,2002-12-31,2018-08-11,7,328.14
PonchEstrada,,2001-05-04,2001-07-13,3,851.0
Pooh Doggie,,2002-02-06,2019-02-21,16,163.13
Porch,Pearl Jam,2013-04-26,2014-02-13,3,330.67
Pork Chop Pie,Ali Baba's Tahini,2003-02-07,2023-09-08,6,381.0
Pour Some Sugar On Me,Def Leppard,1998-01-21,1998-05-02,5,566.8
Pow,Beastie Boys,1998-02-19,2000-11-10,37,76.46
Power of Love,Huey Lewis and the News,2014-11-15,2014-11-15,1,832.0
Power of Soul,Jimi Hendrix,2000-06-15,2024-07-06,86,30.95
Preamble,,2009-01-22,2025-04-04,171,8.72
Professor Wormbog,Ali Baba's Tahini,2000-10-05,2025-02-28,322,8.34
Prophecy Now,,2009-02-15,2009-08-27,9,164.67
Proverbial,,2014-05-04,2018-07-05,5,177.4
Prowler,,1999-12-17,2025-03-20,401,6.7
Punchable Face,,2019-08-10,2019-10-25,3,130.0
Puppet String,,2011-05-28,2025-04-05,348,4.74
Pure Saturation,,2022-07-14,2025-03-14,43,5.12
Push & Pull,,2018-05-27,2023-08-20,17,29.35
Push the Booth Deeper,,2013-11-02,2013-11-02,1,940.0
Push the Pig,,2002-01-23,2025-01-25,440,5.75
Q*Bert,,1999-09-04,2024-02-07,137,21.29
REW,,2012-04-27,2012-04-27,1,1103.0
Rainbow Country,Bob Marley,2001-04-13,2017-12-02,11,232.91
Rainy Day Women #12 & 35,Bob Dylan,2008-10-31,2008-10-31,1,1509.0
Ramble On,Led Zeppelin,2019-06-23,2023-09-10,3,133.67
Rapper's Delight,The Sugarhill Gang,2000-08-24,2000-08-24,1,2642.0
Raspberry Beret,Prince,2017-10-28,2017-10-28,1,551.0
Rastaman Chant,Bob Marley,2001-04-19,2013-10-24,26,98.46
Raymond,,1999-10-01,2024-05-17,51,52.94
Rebubula,moe.,1998-01-29,2024-05-25,61,59.02
Red,King Crimson,2005-10-28,2025-03-09,24,81.61
Red Barchetta,Rush,2017-07-02,2017-07-02,1,577.0
Red Baron,Billy Cobham,1998-01-21,2023-01-19,71,40.49
Red Room,,2020-01-24,2020-01-24,1,352.0
Red Room Disco,,2010-04-24,2010-04-24,1,1333.0
Red Tape,,2009-01-24,2025-03-13,125,12.2
Reelin' in the Years,Steely Dan,2009-12-31,2025-03-14,23,59.65
Reggatta de Blanc,The Police,2019-10-31,2019-10-31,1,367.0
Regulate,Warren G and Nate Dogg,2000-02-26,2024-02-09,52,52.55
Release,Pearl Jam,2002-07-10,2023-04-13,17,139.12
Remind Me,,2015-05-01,2025-03-15,120,6.92
Resolution,Ali Baba's Tahini,2001-10-27,2025-03-20,422,5.97
Respect Yourself,The Staple Singers,2011-05-29,2011-05-29,1,1216.0
Restrung,,2021-06-18,2025-01-22,2,156.0
Rhiannon,Fleetwood Mac,2003-09-13,2015-08-14,2,1094.5
Rhinoceros,The Smashing Pumpkins,2008-02-16,2008-07-18,3,532.67
Ride On Pony,,2009-04-05,2025-03-07,17,85.94
Rift,Phish,1998-06-05,1998-11-13,5,560.4
Right Off,Miles Davis,2007-12-30,2007-12-30,1,1607.0
Ring of Fire,Johnny Cash,2003-09-12,2004-05-19,2,1095.0
Ringo,Ali Baba's Tahini,2001-10-05,2025-04-05,536,5.65
Rise To the Top,,2013-04-26,2013-04-26,1,992.0
Rising Bird,,2003-02-14,2019-10-19,2,1140.5
River People,Weather Report,2013-12-29,2018-12-31,2,467.5
Roadhouse Blues,The Doors,2006-10-06,2006-10-06,1,1749.0
Robot World,,2004-08-07,2025-01-24,124,16.59
Rock and Roll Ain't Noise Pollution,AC/DC,2003-05-25,2011-10-28,4,558.75
Rock and Roll Part 2,Gary Glitter,1998-06-06,2025-03-08,3,933.67
Rock the Casbah,The Clash,2013-12-28,2025-01-18,16,58.5
Rocker,,2006-04-03,2022-07-08,19,96.26
Rocker Part 2,,2007-12-31,2025-03-13,174,9.23
Roctopus,,2016-05-06,2025-03-05,56,12.49
Rollin' Stone,Muddy Waters,2003-08-16,2003-08-16,1,2200.0
Rondo Alla Turca,Mozart,2002-02-22,2004-08-27,4,609.25
Room to Breathe,,2011-05-29,2025-03-06,88,14.14
Root Beer Rag,Billy Joel,2003-11-29,2015-06-28,2,1076.0
Rosanna,Toto,1998-10-31,2023-11-30,47,59.21
Roses,Outkast,2003-12-30,2004-01-08,2,1071.0
Roulette,,2001-08-11,2025-03-13,287,8.9
Roundabout,Yes,2010-12-30,2024-04-26,11,114.73
Roxanne,The Police,2002-07-22,2023-09-10,2,1178.5
Royally Feel Like Driftin' Away,Dobie Gray/Bad Company/Lorde,2016-10-30,2016-10-30,1,639.0
Ruled By Secrecy,Muse,2011-04-02,2011-04-02,1,1225.0
Run Like An Antelope,Phish,1998-02-19,1998-04-20,5,707.25
Runnin' Down a Dream,Tom Petty,2017-10-20,2017-10-20,1,557.0
Runnin' with the Devil,Van Halen,2003-04-09,2019-08-22,20,112.8
Running on Empty,Jackson Browne,2013-04-26,2013-04-26,1,992.0
Sabotage,Beastie Boys,2017-11-04,2021-10-09,3,182.67
Sad Clint Eastwood,Metallica/Gorillaz,2008-10-31,2022-02-18,7,215.57
Salamander Strut,,1998-02-20,2022-01-22,22,128.55
San Diego Super Chargers,Captain Q.B. and the Big Boys,2006-04-12,2010-01-15,4,911.5
San Francisco Bay,Lee Oskar,2002-04-12,2002-04-12,1,2407.0
Scaffolding Melee,,2014-05-24,2014-05-24,1,884.0
Scenes from an Italian Restaurant,Billy Joel,2002-12-31,2024-03-21,5,459.4
Se A Cabo,Santana,1999-05-19,2002-04-14,36,76.06
Search 4,,2007-12-30,2024-02-14,77,21.14
Seasons,,2018-05-26,2025-03-21,58,8.77
Second Song,TV On the Radio,2011-12-29,2012-01-21,2,577.0
Seek and Destroy,Metallica,2005-10-28,2008-02-07,2,938.5
Seven Bridges Road,Steve Young,2004-10-09,2010-05-30,2,1014.5
Sex Farm,Spinal Tap,1999-10-29,2009-07-16,5,538.8
Señor Mouse,Al Di Meola (Chick Corea),2001-05-31,2025-02-02,76,33.49
Sgt. Pepper's Lonely Hearts Club...,The Beatles,2017-06-01,2017-06-01,1,585.0
She Came In Through The Bathroom...,The Beatles,2000-09-29,2018-08-11,45,58.42
She Caught the Katy (And Left Me...,Taj Mahal,2005-04-26,2013-05-26,4,489.5
She's Nineteen Years Old,Muddy Waters,2008-12-29,2008-12-29,1,1495.0
Shhh / Peaceful,Miles Davis,2002-06-13,2002-06-13,1,2378.0
Shine On You Crazy Diamond,Pink Floyd,2003-12-29,2024-03-23,49,43.73
Shotgun,Junior Walker,2003-12-31,2003-12-31,1,2141.0
Show Biz Kids,Steely Dan,2008-02-12,2009-11-19,2,800.5
Showdown,Electric Light Orchestra,2015-08-20,2015-08-20,1,752.0
"Signed, Sealed, Delivered I'm Yours",Stevie Wonder,2003-12-31,2003-12-31,1,2141.0
Silver Machine,Hawkwind,2015-12-30,2015-12-30,1,734.0
Similar Skin,,2014-05-04,2025-03-05,123,7.78
Sir Duke,Stevie Wonder,2010-12-31,2010-12-31,1,1261.0
Sirius,Alan Parsons Project,2016-09-04,2016-09-04,1,654.0
Sister Christian,Night Ranger,2001-05-26,2023-12-01,5,509.2
Skin the Cat,,2014-05-03,2014-05-03,1,888.0
Skip,,2000-10-31,2002-05-03,7,373.71
Slacker,,1999-02-12,2025-04-04,504,6.27
Sledgehammer,Peter Gabriel,2004-12-31,2019-05-24,11,181.55
Sliding Down,"Edgar Meyer, Mike Marshall, and Bela Fleck",2001-09-08,2001-09-08,1,2498.0
Slipknot!,Grateful Dead,1998-03-05,2025-03-21,23,122.83
Slow,,1998-04-15,1998-05-27,5,563.6
Sludge & Death,,2004-02-23,2021-04-30,14,163.38
Small Strides,,2022-06-11,2025-03-21,61,3.77
Smell the Mitten,,2002-09-17,2025-01-24,163,14.52
Snake Juice,,2008-10-14,2018-10-20,11,138.18
So Far Away,Dire Straits,2018-03-14,2018-03-14,1,515.0
So Much,,2022-06-19,2024-04-12,7,32.0
So What,Miles Davis,2003-10-24,2010-11-09,9,240.67
Sociable Jimmy,,1999-10-01,2025-03-20,336,8.18
Solfegietto,C.P.E. Bach,2002-09-18,2006-05-06,5,467.4
Soul Food I,Ali Baba's Tahini,2000-10-20,2024-08-23,173,15.14
Soul Food II,Ali Baba's Tahini,2000-09-30,2025-04-05,47,55.91
Soul Food III,,2016-05-06,2017-02-02,2,343.5
Southern Cross,Crosby Stills & Nash,2015-01-02,2015-08-09,2,412.5
Space Funk Booty,Ali Baba's Tahini,2000-09-07,2025-03-08,206,12.86
Space Oddity,David Bowie,2016-01-21,2016-01-21,1,729.0
Spain,Chick Corea,1999-02-12,2001-10-17,28,98.71
Speak Up,,2015-12-31,2025-03-15,109,6.72
Spinal Meningitis,Ween,2015-05-22,2015-05-22,1,779.0
Spires,,2009-01-22,2025-02-28,101,14.91
Spirits in the Material World,The Police,2019-10-31,2019-10-31,1,367.0
St. Hubbins Mach 2,,2002-02-05,2003-11-29,1,1224.0
Staircase,,2023-03-05,2025-03-22,38,4.53
Stanton,,2014-10-30,2024-08-22,4,210.0
Start Me Up,The Rolling Stones,2003-09-12,2003-09-12,1,2190.0
Steppin' Out,Joe Jackson,2017-12-30,2023-08-26,5,108.4
Steppin' Razor,Peter Tosh,2009-12-29,2019-02-21,15,91.6
Stew Art Event,,2010-04-24,2024-04-26,9,148.11
Still of the Night,Whitesnake,2018-09-01,2018-09-01,1,472.0
Stinko's Ascension,,2015-05-01,2021-06-26,22,35.55
Stir It Up,Bob Marley,1998-03-05,1998-05-23,6,470.83
Stomping Grounds,Bela Fleck,2000-04-14,2001-06-02,4,668.25
Stonehenge,Spinal Tap,2000-09-15,2002-04-10,4,658.0
Stop,Jane's Addiction,1998-05-27,2019-05-23,8,350.38
Strangletage,Beastie Boys/Ted Nugent,2014-10-31,2015-06-05,2,419.5
Strolling a Suspension Bridge,Seth Kaufman,1998-02-28,1998-02-28,1,2826.0
Sultans of Swing,Dire Straits,2024-04-27,2025-03-19,3,23.67
Sun King,The Beatles,2002-12-31,2002-12-31,1,2297.0
Superstition,Stevie Wonder,2001-09-08,2001-09-08,1,2498.0
Susanah,,2011-01-31,2024-12-29,29,43.21
Sussudio,Phil Collins,2013-12-31,2013-12-31,1,933.0
Suxity,,2019-12-31,2025-03-06,31,11.52
Svenghali,The Disco Biscuits,2007-07-15,2007-07-15,1,1655.0
Swamp Music,Lynyrd Skynyrd,2003-04-25,2003-05-14,2,1123.5
Sweet Child o' Mine,Guns N' Roses,1998-01-31,2011-11-03,9,314.67
Sweet Home Alabama,Lynyrd Skynyrd,1998-04-20,1998-11-20,5,938.67
Sweet Sunglasses,Eurythmics/Corey Hart/MGMT,2009-10-31,2011-02-12,5,277.6
Sweetness,,1999-07-25,2024-12-11,145,19.08
Synchronicity II,The Police,2019-10-31,2024-12-28,9,40.78
Syncopated Strangers,,2001-03-16,2025-02-28,435,6.38
TNT/Paranoid/Dirty Deeds Done Di...,AC/DC/Black Sabbath/AC/DC,2008-10-31,2008-10-31,1,1509.0
Take Me Away,Ween,2015-05-22,2018-10-18,2,389.5
Take Me Out to the Ballgame,Norworth/Von Tilzer,1998-02-19,2003-05-15,2,1414.5
Take Me To the River,Al Green/Talking Heads,2019-06-22,2019-06-22,1,402.0
Take On Me,A-ha,2023-12-31,2023-12-31,1,117.0
Takin' It to the Streets,The Doobie Brothers,2011-03-10,2011-03-10,1,1232.0
Talking in Your Sleep,The Romantics,2013-04-19,2013-04-19,1,994.0
Tango Mike,,2010-03-03,2025-04-05,19,67.4
Techno Jam,,2010-04-24,2010-04-24,1,1333.0
Tell Me Something Good,Rufus and Chaka Khan,2003-12-31,2006-01-09,2,1070.5
Tempted,Squeeze,2015-12-31,2016-08-14,3,244.33
Ten Years Gone,Led Zeppelin,2002-02-02,2019-08-23,6,408.17
Tenth Avenue Freeze-Out,Bruce Springsteen,2009-12-31,2009-12-31,1,1372.0
Thank You,Dido,2001-03-03,2001-12-14,3,859.0
Thank You (Falettinme Be Mice El...,Sly and the Family Stone,2008-09-13,2008-09-13,1,1529.0
That's All,Genesis,2008-02-08,2025-03-01,15,106.93
That's What Love Will Make You Do,Little Milton,1999-06-17,2013-04-27,16,170.44
That's the Way,Led Zeppelin,2001-11-02,2025-01-19,19,130.05
The Bed's Too Big Without You,The Police,2013-11-02,2013-11-02,1,940.0
The Best,Tina Turner,2024-01-21,2024-01-21,1,108.0
The Bottom Half,,2004-09-16,2025-03-08,323,7.25
The Chicken,"Jaco Pastorius (Alfred ""Pee Wee"" Ellis)",2000-04-07,2001-03-17,5,534.8
The Crooked One,,2002-05-16,2025-03-21,262,9.42
The Emperor,Donald Byrd,2001-04-19,2003-03-08,5,512.0
The Empire State,,2002-12-13,2022-02-19,4,575.0
The End,The Beatles,2002-12-31,2002-12-31,1,2297.0
The Final Teen Spirit,Europe/Nirvana,2013-11-01,2013-11-01,1,941.0
The Floor,,2007-10-31,2025-03-21,319,5.17
The Fussy Dutchman,,1999-12-03,2025-03-06,344,7.89
The Fuzz,,2001-01-26,2025-03-05,272,9.87
The Girl Is Mine,Michael Jackson,2001-05-04,2023-12-02,74,69.0
The Good Times Are Killing Me,Modest Mouse,2012-04-28,2025-01-23,5,220.4
The Great Gig in the Sky,Pink Floyd,2005-12-31,2016-04-08,7,265.29
The Grobe,Ween,2015-05-22,2023-08-25,5,155.8
The Haunt,,2002-01-24,2024-07-07,124,19.8
The Heat Is On,Glenn Frey,2024-12-31,2024-12-31,1,31.0
The Joker,Steve Miller,2011-09-08,2011-09-08,1,1189.0
The Linear,,2010-01-22,2025-03-22,225,6.07
The Load-Out,Jackson Browne,2025-02-27,2025-02-27,1,17.0
The Message,Grandmaster Flash and the Furious Five,2014-02-01,2021-11-18,5,185.4
The National Anthem,Radiohead,2010-12-31,2025-01-17,14,90.07
The Night They Drove Old Dixie Down,The Band,2015-05-01,2015-05-01,1,782.0
The Ocean,Led Zeppelin,2023-09-10,2023-09-10,1,128.0
The Other Side of Things,,1998-04-01,2023-01-21,89,31.69
The Payback,James Brown,2010-12-31,2010-12-31,1,1261.0
The Pequod,,2004-07-16,2025-03-12,84,30.84
The Plot Thickens,,2012-09-02,2012-09-02,1,1071.0
The Rain Song,Led Zeppelin,2004-04-22,2006-10-25,2,1049.0
The Safety Dance,Men Without Hats,1998-10-31,2009-02-21,7,397.57
The Show Goes On,Lupe Fiasco,2015-05-15,2015-05-15,1,780.0
The Silent Type,,2017-12-31,2025-03-22,105,5.2
"The Skunk, The Goose, and The Fly",Tower of Power,2000-04-07,2009-12-31,4,668.5
The Song Remains the Same,Led Zeppelin,2002-05-17,2024-05-17,88,27.16
The Star-Spangled Banner,Francis Scott Key,2006-05-19,2016-12-28,10,200.33
The Stranger,Billy Joel,2001-12-31,2019-08-16,52,58.5
The Stroke,Billy Squier,2014-05-26,2014-05-26,1,882.0
The Triple Wide,,2002-01-23,2025-03-20,525,4.85
The Triple Wide/Robot Rock,Umphrey's McGee/Daft Punk,2008-10-31,2009-04-11,2,754.5
The Trooper,Iron Maiden,2012-04-28,2022-02-09,3,367.33
The Way You Rule the World,Tears for Fears/Michael Jackson,2010-10-31,2014-04-10,8,159.25
The Weight,The Band,2005-04-26,2011-05-29,3,652.67
The Weight Around,,2010-04-24,2025-01-18,42,31.74
Thela Hun Ginjeet,King Crimson,2007-03-14,2007-03-17,3,569.0
Them Bones,Alice in Chains,2009-04-16,2009-04-16,1,1455.0
Them Changes,Buddy Miles,2024-12-31,2025-04-04,2,15.5
There's No Crying In Mexico,,2011-12-30,2024-08-23,72,16.01
Theresa,,2012-04-27,2012-10-17,2,551.5
Thin Air,,1998-04-20,2025-01-30,276,10.39
Things Can Only Get Better,Howard Jones,2013-12-31,2013-12-31,1,933.0
Things I'd Like To Lose,,2022-11-12,2022-11-12,1,199.0
This Must Be the Place (Naive Me...,Talking Heads,2021-06-18,2021-06-18,1,312.0
Through the Cracks,,2012-03-10,2013-03-09,11,102.27
Thunder Kiss '65,White Zombie,2010-08-06,2015-02-13,2,652.0
Thunderstruck,AC/DC,2003-05-25,2025-02-27,19,117.63
Time,Pink Floyd,2009-03-12,2018-12-28,16,92.0
Tiny Cities Made of Ashes,Modest Mouse,2013-01-20,2014-10-31,2,516.0
To Lay Me Down,Jerry Garcia/Robert Hunter,2024-12-29,2024-12-29,1,33.0
Tocatta and Fugue in D Minor,Bach,2003-10-31,2003-10-31,1,2165.0
Tom Sawyer,Rush,2011-04-02,2024-04-26,10,122.5
Tomorrow Never Knows,The Beatles,2001-01-27,2019-03-01,24,108.13
Tonight I'm Gonna Rock You Tonight,Spinal Tap,1999-01-15,2018-03-23,21,145.95
Top Gun Anthem,Faltermeyer,2024-04-27,2024-04-27,1,71.0
Total Eclipse of the Heart,Bonnie Tyler,2018-07-07,2018-07-07,1,489.0
Track Meet,Vince Guaraldi,1999-09-17,2000-07-27,6,450.33
Transdermal Celebration,Ween,2015-05-22,2024-05-16,7,111.29
Treacherous Cretins,Frank Zappa,2016-03-26,2016-03-26,1,702.0
Trenchtown Rock,Bob Marley,2000-05-06,2020-06-10,57,46.84
Triangle Tear,,2018-05-25,2025-03-15,24,20.88
Tribulations,LCD Soundsystem,2019-12-28,2024-01-19,5,72.0
Tribute to the Spinal Shaft,,2001-03-01,2025-01-23,286,9.05
Turn & Dub,,2009-12-31,2025-02-26,54,25.41
Turn & Run,,2009-01-22,2025-03-21,75,20.15
Turn In Difference,Keller Williams,2005-12-31,2009-09-17,2,928.5
Twilight Zone,Golden Earring,2013-12-31,2014-03-20,3,311.0
Two Dips,"Brendan Bayliss, Wade Wilby, and Clayton Halsey",2012-04-28,2012-04-28,1,1102.0
Two Tickets to Paradise,Eddie Money,2012-12-18,2019-09-20,4,260.75
Two of Us,The Beatles,2002-05-16,2002-05-16,1,2392.0
Unchained,Van Halen,2019-12-27,2019-12-27,1,361.0
Uncle Wally,,2001-02-08,2025-03-12,229,11.31
Uncommon,,2002-08-21,2025-01-30,190,12.57
Under Pressure,Queen,2022-06-17,2023-01-21,2,113.5
Unevolved,,2022-11-12,2024-12-10,3,66.33
Unskinny Bop,Poison,2003-04-28,2014-05-04,2,1122.5
Unsung Hero,,2019-05-25,2020-01-17,6,68.17
Until We Meet Again,,2016-05-06,2017-07-09,3,229.0
Up on Cripple Creek,The Band,1998-02-20,2025-04-04,26,108.77
Uptight (Everything's Alright),Stevie Wonder,2003-12-31,2003-12-31,1,2141.0
Upward,,2014-05-26,2025-03-13,64,13.78
Utopian Fir,,2001-08-16,2025-03-12,424,7.49
Vibe,,1998-02-07,1998-06-06,14,202.21
Virtual Insanity,Jamiroquai,2018-12-30,2019-03-02,2,227.0
Visions,,2002-09-17,2025-04-05,103,22.7
Voices Inside My Head,The Police,2008-07-31,2018-05-19,9,170.89
Voodoo Child,Jimi Hendrix,2012-03-07,2020-02-15,4,282.0
Voodoo Lady,Ween,2015-05-22,2016-06-03,3,259.67
Voulez-Vous,ABBA,1998-02-11,1998-02-20,2,1415.0
Voyager,Daft Punk,2012-01-21,2024-12-31,6,191.0
Wabash,John Scofield,1999-10-16,2018-01-28,18,149.94
Waist Down,,2008-05-24,2009-09-10,11,142.09
Waiting Room,Fugazi,2001-12-01,2024-08-30,84,29.36
Walk,Pantera,2018-06-30,2018-06-30,1,493.0
Walk This Sweet Funk Emotion,Aerosmith/Run-D.M.C./James Gang,2014-10-31,2014-10-31,1,839.0
Walk the Proud Land,Bob Marley,1999-12-17,2016-04-23,23,116.87
Walking On The Moon,The Police,2000-11-17,2019-01-11,64,40.78
Walletsworth,,2002-02-08,2025-03-13,370,6.63
Wanna Be Startin' Somethin',Michael Jackson,1998-09-25,2013-01-20,7,398.71
Wappy Sprayberry,,2002-09-17,2025-04-05,333,7.19
War,Bob Marley,2003-07-18,2003-07-18,1,2205.0
War Pigs,Black Sabbath,2001-12-01,2022-02-20,19,137.0
Watch the River Flow,Bob Dylan,2014-07-27,2014-07-27,1,864.0
Water,,2000-12-01,2024-12-31,207,13.16
We're An American Band,Grand Funk Railroad,2021-05-29,2023-05-27,2,156.5
We're Going to War,Mark Knopfler,2003-04-07,2023-12-01,59,38.25
Weapons of Mass Destruction,Garaj Mahal,2003-01-30,2003-01-30,1,2291.0
Web Tangle,,2013-04-27,2013-08-18,2,495.5
Weed Rap,,2001-10-26,2003-05-16,9,274.89
Weekapaug Groove,Phish,1998-01-21,1998-06-06,6,472.33
Weird Fishes/Arpeggi,Radiohead,2012-08-07,2025-02-01,15,72.13
"Well, You Needn't",Thelonious Monk,2000-12-15,2003-02-04,11,236.27
Wellwishers,,2010-10-02,2025-03-22,57,22.61
Werewolves of London,Warren Zevon,1998-02-20,1998-10-31,6,471.33
What Is and What Should Never Be,Led Zeppelin,2019-06-23,2023-09-10,2,200.5
What We Could Get,,2018-05-31,2019-02-21,5,99.6
What You Need,INXS,2018-12-31,2019-02-15,2,226.5
What a Fool Believes,The Doobie Brothers,2023-12-31,2023-12-31,1,117.0
What's Going On,Marvin Gaye,2006-10-02,2006-10-02,1,1752.0
What's Love Got to Do with It,Tina Turner (Lyle/Britten),2023-05-26,2023-05-26,1,156.0
When Doves Cry,Prince,2015-04-24,2016-04-21,3,261.33
When the Levee Breaks,Led Zeppelin,2012-07-07,2023-09-10,3,361.67
When the World Is Running Down Y...,The Police,2001-11-17,2025-04-05,49,50.39
Where Is My Mind?,Pixies,2014-11-08,2025-01-19,12,69.5
Whiskey River,Willie Nelson,2025-04-04,2025-04-04,1,1.0
Whistle Kids,,2018-01-12,2024-02-09,36,14.97
White Man's Moccasins,,2001-04-26,2025-03-14,289,8.91
White Pickle,,2012-04-27,2014-04-08,17,64.88
White Room,Cream,2014-10-25,2014-10-25,1,842.0
White Wedding,Billy Idol,2003-10-31,2003-10-31,1,2165.0
Whitehouse Road,Tyler Childers,2019-03-30,2025-03-12,9,46.56
Who Knows,Jimi Hendrix,2003-05-22,2019-05-30,19,117.79
Whole Lotta Love,Led Zeppelin,2003-06-20,2023-09-10,5,445.0
Wide Open,,2022-11-12,2025-03-22,9,22.11
Wife Soup,,2003-06-18,2025-03-13,325,7.03
Wild Side,MÃ¶tley CrÃ¼e,2005-10-28,2005-11-19,3,625.67
Willie the Pimp,Frank Zappa,2001-10-11,2015-03-19,32,77.59
Winston Built the Bridge,Bump,2003-09-23,2003-10-10,5,436.8
Wish,Nine Inch Nails,2012-12-29,2016-10-22,2,519.5
Wish You Were Here,Pink Floyd,2006-10-02,2009-02-15,2,876.0
With a Little Help from My Friends,Joe Cocker (Lennon/McCartney),2008-12-31,2019-06-22,2,746.5
Wizard Burial Ground,,2007-06-14,2025-03-22,180,10.43
Women Wine and Song,,2004-12-07,2025-03-07,178,11.32
Words,,2006-05-06,2025-01-31,118,15.43
Work Sauce,,2024-04-27,2024-08-25,4,17.75
Workin' for a Livin',Huey Lewis and the News,2011-05-29,2011-05-29,1,1216.0
XRT Xmas Promo Medley,,2003-12-05,2003-12-06,2,1074.5
Xmas at Wartime,,2018-05-27,2020-02-13,9,55.44
Xxplosive,Dr. Dre,2001-10-26,2005-09-15,12,206.17
YYZ,Rush,2001-08-28,2023-12-29,75,33.84
Yoga Pants,,2014-06-05,2019-11-02,16,55.06
You & You Alone,,2018-01-14,2024-02-01,18,29.83
You Can't Always Get What You Want,The Rolling Stones,2011-11-26,2011-11-26,1,1156.0
You Can't Blame the Youth,Peter Tosh,1999-03-26,2009-10-08,32,86.09
You Got the Love,Rufus,2007-12-14,2007-12-14,1,1610.0
You Got the Wrong Guy,,2013-08-25,2025-03-20,52,18.46
You Gotta Move,The Rolling Stones,2003-04-20,2004-09-14,2,1125.5
You Know What I Mean,Jeff Beck,2010-01-15,2010-02-13,2,685.0
You Never Give Me Your Money,The Beatles,2002-12-31,2023-12-29,2,1148.5
You'll Need Somebody on Your Bond,Blind Willie Johnson,2006-12-31,2006-12-31,1,1725.0
Young Americans,David Bowie,2023-12-31,2023-12-31,1,117.0
Young Lust,Pink Floyd,2000-07-22,2024-07-05,41,64.68
Zeroes & Ones,,2011-04-02,2011-04-02,1,1225.0
