song_id,song,original_artist,debut_date
2301,(I Can't Get No) Satisfaction,The Rolling Stones,2022-02-25
2947,...And Flew Away,Trey Anastasio,2023-07-14
1,1999,Prince,1998-12-31
2908,20-20 Vision,Gene Autry,2019-12-28
2,46 Days,Phish,2003-01-02
1361,50 Ways to Leave Your Lover,Paul Simon,2011-08-08
2424,555,Phish,2013-10-31
3,5:15,The Who,1995-10-31
4,99 Problems,Jay-Z,2004-06-18
945,A Apolitical Blues,Little Feat,2010-10-31
6,A Day in the Life,The Beatles,1995-06-10
2845,A Life Beyond The Dream,Ghosts of the Forest,2019-06-19
7,A Song I Heard the Ocean Sing,Phish,2004-06-17
2946,A Wave of Hope,Trey Anastasio,2021-08-07
8,AC/DC Bag,Phish,1986-04-01
2831,About to Run,Ghosts of the Forest,2019-06-12
9,Access Me,Phish,2004-06-26
10,Acoustic Army,Phish,1995-06-07
11,After Midnight,J.J. Cale,1999-12-31
13,Ain't Love Funny,J.J. Cale,1997-06-20
14,Alaska,Trey Anastasio,2009-06-09
15,Albuquerque,Neil Young,1998-07-26
16,All Along the Watchtower,Bob Dylan,1994-04-21
17,All Blues,Miles Davis,1986-04-25
855,All Down the Line,The Rolling Stones,2009-10-31
934,All That You Dream,Little Feat,2010-10-31
18,All Things Reconsidered,Phish,1991-09-25
19,All of These Dreams,Phish,2003-01-03
20,All the Pain Through the Years,Seth Yacovone,1998-11-29
21,Also Sprach Zarathustra,"Strauss, as interpreted by Deodato",1993-07-16
22,Alumni Blues,Phish,1985-03-16
24,Amazing Grace,Traditional,1993-02-03
26,Ambient Jam,Phish,1998-08-15
923,American Woman,The Guess Who,1989-03-01
2426,Amidst the Peals of Laughter,Phish,2013-10-31
28,Amoreena,Elton John,1997-08-13
29,Anarchy,Phish,1985-03-04
747,And So To Bed,Phish,2021-10-15
30,Andy's Chest,Lou Reed,1988-09-13
31,Any Colour You Like,Pink Floyd,1998-11-02
32,Anything But Me,Phish,2003-01-04
33,Arc,Neil Young,1998-10-03
2266,Architect,Trey Anastasio,2013-07-06
34,Army of One,Phish,2003-07-12
721,Art Jam,Phish,1997-08-17
2634,Ass Handed,Phish,2016-07-15
35,Auld Lang Syne,Traditional,1989-12-30
917,Autumn Leaves,Jo Stafford,1989-08-12
36,Avenu Malkenu,Traditional,1987-05-11
37,Axilla,Phish,1992-11-19
38,Axilla (Part II),Phish,1994-04-16
39,Baby Elephant Walk,Henry Mancini,1992-12-01
41,Baby Lemonade,Syd Barrett,1992-03-11
1176,Babylon Baby,Mike Gordon,2011-08-15
914,Babylon is Burning,Phish,1986-02-03
42,Back Porch Boogie Blues,Max Creek,1985-09-27
43,Back at the Chicken Shack,Jimmy Smith,1998-10-30
2918,Back in the Bubble,Mike Gordon,2023-08-04
44,Back in the U.S.S.R.,The Beatles,1994-10-31
45,Back on the Train,Trey Anastasio,1999-06-30
46,Backwards Down the Number Line,Trey Anastasio,2009-03-06
137,Band/Crew Football Theme Song,Phish,1991-04-16
48,Bathtub Gin,Phish,1989-05-26
49,Beaumont Rag,Traditional,1994-10-12
50,Beauty of My Dreams,The Del McCoury Band,1997-02-16
51,Beauty of a Broken Heart,Page Mcconnell,2009-03-07
52,Been Caught Stealing,Jane's Addiction,1998-08-01
53,Bell Boy,The Who,1995-10-31
2860,Beneath a Sea of Stars Part 1,Ghosts of the Forest,2019-06-29
54,Bertha,Grateful Dead,1984-11-03
55,Big Alligator,Chief Jim Billie,1999-12-30
56,Big Ball Jam,Phish,1992-11-19
1360,Big Balls,AC/DC,2011-07-03
58,Big Black Furry Creature from Mars,Phish,1987-08-21
60,Big Leg Emma,The Mothers of Invention,1985-04-06
61,Big Pimpin',Jay-Z,2004-06-18
62,Bike,Pink Floyd,1987-11-19
63,"Bill Bailey, Won't You Please Come Home?",Hughie Cannon,1993-07-28
898,Billie Jean,Michael Jackson,2010-06-25
64,Billy Breathes,Phish,1995-09-27
65,Birds of a Feather,Phish,1998-04-02
66,Birthday,The Beatles,1994-10-31
67,Bitchin' Again,The Dude of Life (with Phish),1991-08-03
68,Bittersweet Motel,Phish,1998-07-21
874,Black and Tan Fantasy,Duke Ellington,1990-09-28
69,Black-Eyed Katy,Phish,1997-11-13
1729,Blackberry Blossom,Traditional,1994-11-19
1729,Blackberry Blossom,Traditional,1994-11-19
1729,Blackberry Blossom,Traditional,1994-11-19
1729,Blackberry Blossom,Traditional,1994-11-19
70,Blackbird,The Beatles,1994-10-31
2570,Blaze On,Phish,2015-07-21
741,Bliss,Phish,2018-12-30
71,Blister in the Sun,Violent Femmes,1997-07-26
73,Blue Bayou,Roy Orbison,1992-07-16
74,Blue Bossa,Joe Henderson,1988-07-12
718,Blue Monk,Thelonius Monk,1987-02-21
872,Blue Moon,Rodgers and Hart,2009-12-31
75,Blue Skies,Pork Tornado,2003-02-26
772,Blue Sky,The Allman Brothers Band,1989-08-12
77,Bobby Jean,Bruce Springsteen,2009-06-14
78,Bohemian Rhapsody,Queen,1996-12-31
79,Bold As Love,Jimi Hendrix Experience,1988-07-07
80,Boogie On Reggae Woman,Stevie Wonder,1987-02-21
82,Born Under Punches (The Heat Goes On),Talking Heads,1996-10-31
83,Born to Run,Bruce Springsteen,1999-07-16
84,Bouncing Around the Room,Phish,1990-01-20
1707,Box of Rain,Grateful Dead,2024-10-25
85,Brain Damage,Pink Floyd,1998-11-02
2628,Breath and Burning,Phish,2016-06-26
86,Breathe,Pink Floyd,1995-10-25
88,Brian and Robert,Phish,1998-06-30
89,Bring It On Home,Sonny Boy Williamson,1985-05-03
3024,Broken Heart Attack,Jerry Reed,2022-08-14
3083,Broken Into Pieces,Trey Anastasio,2023-08-01
90,Brother,Phish,1991-09-25
91,Brown Eyed Girl,Van Morrison,1995-11-16
93,Buffalo Bill,Phish,1992-11-21
94,Bug,Amfibian,1999-06-30
95,Bundle of Joy,Phish,1987-05-11
96,Buried Alive,Phish,1990-09-13
953,Burn That Bridge,Trey Anastasio,2010-12-31
97,Burning Down the House,Talking Heads,1998-08-12
99,Bye Bye Foot,Phish,1997-06-14
724,California Love,Tupac Shakur (Featuring Dr.Dre),1998-07-15
948,Call It Stormy Monday (But Tuesday Is Just As Bad),T-Bone Walker,1989-02-23
100,Camel Walk,Phish,1984-11-03
2603,Can't Always Listen,Phish,2015-12-30
101,Can't You Hear Me Knocking,The Rolling Stones,1984-11-03
102,Cannonball,The Breeders,1994-05-07
103,Caravan,Duke Ellington,1990-01-20
700,Carefree,Sun Ra,1994-04-26
104,Carini,Phish,1997-02-17
105,Carolina,Traditional,1990-01-20
106,Cars Trucks Buses,Phish,1995-09-27
846,Casino Boogie,The Rolling Stones,2009-10-31
2971,Casual Enlightenment,Phish,2021-08-08
107,Catapult,Phish,1992-04-17
2861,Cathy's Clown,The Everly Brothers,2019-07-02
108,Cavern,Phish,1990-03-28
109,Cecilia,Simon & Garfunkel,1997-06-25
110,Chalk Dust Torture,Phish,1991-02-01
111,Chalk Dust Torture Reprise,Phish,1994-12-10
112,Champagne Supernova,Oasis,1996-12-29
113,Character Zero,Phish,1996-06-06
114,Chariots of Fire,Vangelis,2003-08-03
115,Che Hun Ta Mo,Chief Jim Billie,1999-12-30
2706,Chocolate Rain,Tay Zonday,2017-07-28
117,Choo Choo Ch' Boogie,Louis Jordan,1993-03-02
118,Cinnamon Girl,Neil Young,1989-03-01
119,Cities,Talking Heads,1984-12-01
2978,Clear Your Mind,Phish,2021-10-31
121,Clod,Phish,1986-10-15
122,Clone,Leo Kotke/Mike Gordon,2003-02-26
123,Cocaine,J.J. Cale,1993-08-06
2702,Coconut,Harry Nilsson,2017-07-21
125,Cold Rain and Snow,Traditional,1999-09-17
889,Cold Water,Tom Waits,2010-06-15
698,Cold as Ice,Foreigner,1992-03-07
126,Colonel Forbin's Ascent,Phish,1988-03-12
719,Come On (Part One),Earl King,1987-04-29
128,Come Together,The Beatles,1995-12-08
127,Come on Baby Let's Go Downtown,Crazy Horse,2000-09-23
129,Communication Breakdown,Led Zeppelin,1990-01-25
130,Contact,Phish,1988-06-15
2800,Cool Amber and Mercury,Phish,2018-10-31
131,Cool It Down,The Velvet Underground,1998-10-31
92,Cool Jerk,The Capitols,2004-08-15
132,Corinna,Taj Mahal,1987-02-21
2264,Corona,Trey Anastasio,2017-07-15
133,Costume Contest,Phish,1988-10-29
136,Cracklin' Rosie,Neil Diamond,1992-03-07
2608,Crazy Sometimes,Mike Gordon,2017-07-18
138,Crimes of the Mind,The Dude of Life (with Phish),1991-08-03
139,Crosseyed and Painless,Talking Heads,1996-10-31
140,Crossroads,Robert Johnson,1993-05-08
141,Crowd Control,Phish,2003-11-28
142,Cry Baby Cry,The Beatles,1994-10-31
143,Cryin',Aerosmith,1995-09-29
144,Cut My Hair,The Who,1995-10-31
145,Dahlia,The Dude of Life (with Phish),1990-09-13
146,Daniel Saw the Stone,Traditional,1993-07-15
147,Dave's Energy Guide,Phish,1985-04-06
148,David Bowie,Phish,1986-10-31
937,Day or Night,Little Feat,2010-10-31
150,Dazed and Confused,Led Zeppelin,1989-05-21
151,Dear Mrs. Reagan,Phish,1985-11-14
152,Dear Prudence,The Beatles,1994-10-31
2799,Death Don't Hurt Very Long,Phish,2018-10-31
915,Dec 1661,Zenzile,1986-02-03
2524,Dem Bones,James Weldon Johnson,2014-12-31
153,Demand,Phish,1994-04-09
154,Destiny Unbound,Phish,1990-09-14
2423,Devotion To a Dream,Phish,2013-10-31
155,Diamond Girl,Seals and Crofts,1992-12-31
157,Digital Delay Loop Jam,Phish,1994-04-08
158,Dinner and a Movie,Phish,1987-11-19
159,Dirt,New York!,1997-06-14
160,Discern,Trey Anastasio,2003-07-08
161,Divided Sky,Phish,1987-05-11
871,Dixie Cannonball,Gene Autry,2009-12-30
940,Dixie Chicken,Little Feat,2010-10-31
162,Doctor Jimmy,The Who,1995-10-31
163,Dog Faced Boy,Phish,1994-04-14
164,Dog Log,Phish,1985-10-30
165,Dogs Stole Things,Phish,1997-06-13
166,Doin' My Time,Jimmie Skinner,1996-08-07
944,Don't Bogart That Joint,Fraternity of Man,2010-10-31
2981,Don't Doubt Me,Phish,2021-10-31
167,Don't Get Me Wrong,Phish,1990-10-06
168,Don't Pass Me By,The Beatles,1994-10-31
169,Don't Want You No More,Spencer Davis Group,1984-12-01
170,Don't You Want To Go?,The Meditation Singers,1995-05-16
171,Donna Lee,Charlie Parker,1988-10-29
172,Dooley,The Dillards,1994-11-19
172,Dooley,The Dillards,1994-11-19
173,Down By the River,Neil Young,1998-10-03
174,Down with Disease,Phish,1993-12-31
894,Dr. Gabel,Phish,2010-06-22
2829,Drift While You're Sleeping,Ghosts of the Forest,2019-06-11
176,Drifting,Trey Anastasio,2003-02-26
2574,Drive-In Jam,Phish,2015-08-22
177,Driver,Phish,1998-10-17
178,Drowned,The Who,1995-10-31
787,Drums,Traditional,1984-11-03
181,Dust in the Wind,Kansas,2003-07-18
705,Earache My Eye,Cheech and Chong,1994-05-17
1215,Easy To Slip,Little Feat,2013-08-30
183,Eclipse,Pink Floyd,1998-11-02
2976,Egg in a Hole,Phish,2021-10-31
184,El Paso,Marty Robbins,2000-10-06
185,Eliza,Phish,1990-09-15
186,Emotional Rescue,The Rolling Stones,1997-11-21
744,End of Session,Phish,2017-07-25
2414,Energy,The Apples in Stereo,2013-07-05
187,Esther,Phish,1988-09-12
3078,Ether Edge,Trey Anastasio,2023-07-12
2907,Evening Song,Phish,2019-12-28
188,Everybody's Got Something to Hide Except Me and My Monkey,The Beatles,1994-10-31
189,Everyday I Have the Blues,Memphis Slim,2003-02-24
2713,Everything In Its Right Place,Radiohead,2017-08-04
2794,Everything is Hollow,Phish,2018-10-31
2656,Everything's Right,Trey Anastasio,2017-07-14
2944,Evolve,Trey Anastasio,2021-08-04
190,Eyes of the World,Grateful Dead,1984-11-03
191,Faht,Phish,1992-11-22
192,Family Picture,The Dude of Life (with Phish),1990-09-30
193,Farmhouse,Phish,1997-11-16
194,Fast Enough for You,Phish,1992-11-19
933,Fat Man in the Bathtub,Little Feat,2010-10-31
947,Feats Don't Fail Me Now,Little Feat,2010-10-31
195,Fee,Phish,1987-08-09
196,Feel the Heat,"""Dirk Diggler,"" ""Reed Rothchild""",2003-12-31
197,Fikus,Phish,1998-07-02
198,Final Flight,Vida Blue,2003-02-26
199,Fire,Jimi Hendrix Experience,1984-12-01
201,Fire Up the Ganja,Phish,1985-03-04
200,Fire on the Mountain,Grateful Dead,1983-12-02
202,First Tube,Trey Anastasio,1999-09-09
2641,Five Years,David Bowie,2016-10-31
205,Fixin' to Die,Bukka White,1994-11-17
206,Flat Fee,Phish,1987-08-09
733,Flatbed Truck Jam,Phish,1996-08-16
207,Fluff's Travels,Phish,1989-12-30
208,Fluffhead,Phish,1984-12-01
695,Fly Famous Mockingbird,Phish,1988-02-07
2078,Fly Like an Eagle,Steve Miller Band,2012-12-31
209,Foam,Phish,1988-10-29
739,Foggy Mountain Breakdown,Flatt and Scruggs,1994-11-16
278,Fooled Around and Fell in Love,Elvin Bishop,2003-07-29
211,Foreplay/Long Time,Boston,1994-10-07
918,Four,Miles Davis,1989-08-12
212,Four Strong Winds,Ian & Sylvia,1998-10-18
213,Frankenstein,The Edgar Winter Group,1989-11-11
214,Frankie Says,Phish,1998-04-02
215,Free,Phish,1995-05-16
216,Free Bird,Lynyrd Skynyrd,1987-03-06
896,Free Man in Paris,Joni Mitchell,2010-06-25
217,Freeworld,Phish,1987-03-06
218,Friday,Phish,2003-01-04
2830,Friend,Ghosts of the Forest,2019-06-22
2631,Friends,Phish,2016-06-29
1374,Frost,Trey Anastasio,2013-07-17
219,Fuck Your Face,Phish,1987-04-29
2418,Fuego,Phish,2013-10-31
729,Funky (Breakdown),Ninja Custodian,1989-05-28
220,Funky Bitch,Son Seals,1986-12-06
2378,Garden Party,Ricky Nelson,2012-12-31
204,Gaul Swerves and the Rest is Everything Else,Phish,1989-10-26
2975,Get More Down,Phish,2021-10-31
221,Gettin' Jiggy Wit' It,Will Smith (a.k.a. The Fresh Prince),1998-11-20
222,Ghost,Phish,1997-06-13
2828,Ghosts of the Forest,Ghosts of the Forest,2019-12-04
223,Ginseng Sullivan,Norman Blake,1993-08-11
224,Girls Girls Girls,Jay-Z,2004-04-15
226,Glass Onion,The Beatles,1994-10-31
227,Glide,Phish,1991-09-27
228,Glide II,Phish,1995-05-16
229,Gloria,Them,1995-05-16
229,Gloria,Laura Branigan,2019-06-12
2855,Gloria,Them,1995-05-16
2855,Gloria,Laura Branigan,2019-06-12
230,Glory Days,Bruce Springsteen,2009-06-14
231,Goin' Down Slow,"""St. Louis Jimmy"" Oden",1990-09-13
232,Gold Soundz,Pavement,1999-07-21
867,Golden Age,TV on the Radio,2009-11-27
233,Golden Lady,Stevie Wonder,1994-10-20
234,Golgi Apparatus,Phish,1986-10-12
801,Gone,Trey Anastasio,2009-12-30
235,Good Times Bad Times,Led Zeppelin,1986-12-06
236,Got My Mojo Working,Muddy Waters,1997-02-25
237,Gotta Jibboo,Trey Anastasio,1999-09-10
922,Green Onions,Booker T. & the M.G.'s,1989-03-01
238,Grind,Phish,1998-12-30
239,Guelah Papyrus,Phish,1991-02-01
240,Gumbo,Phish,1990-09-28
241,Guy Forget,Phish,2000-10-01
242,Guyute,Phish,1994-10-07
243,Gypsy Queen,Gabor Szabo,1996-08-07
245,Ha Ha Ha,Phish,1995-05-16
2832,Halfway Home,Ghosts of the Forest,2019-06-23
892,Halfway to the Moon,Phish,2010-06-19
246,Halley's Comet,Phish,1986-05-17
2648,Hang On to Yourself,Arnold Corns,2016-10-31
247,Happiness Is a Warm Gun,The Beatles,1994-10-31
850,Happy,The Rolling Stones,2009-10-31
248,Happy Birthday to You,Traditional,1983-12-02
249,Harpua,Phish,1987-05-11
250,Harry Hood,Phish,1985-10-30
251,Have Mercy,The Mighty Diamonds,1986-04-01
252,Head Held High,The Velvet Underground,1998-10-31
253,Heart and Soul,Larry Clinton Orchestra,1995-11-29
929,Heartbreaker,Led Zeppelin,2010-10-30
1708,Heavy Rotation,Page McConnell,2015-07-22
254,Heavy Things,Amfibian,1999-09-11
255,Hello My Baby,Howard and Emerson,1995-09-27
256,Help Me,Sonny Boy Williamson,1993-04-10
257,Help on the Way,Grateful Dead,1986-04-01
258,Helpless,"Crosby, Stills, Nash, and Young",1998-10-17
259,Helpless Dancer,The Who,1995-10-31
260,Helter Skelter,The Beatles,1994-10-31
3004,Hey Stranger,Trey Anastasio,2022-12-29
261,High-Heel Sneakers,Tommy Tucker,1994-04-23
262,Highway to Hell,AC/DC,1989-10-01
263,Hold Whatcha Got,Jimmy Martin and His Sunny Mountain Boys,2000-06-22
696,Hold Your Head Up,Argent,1987-08-21
264,Hold to a Dream,Tim O'Brien,1996-08-07
2640,Home,Phish,2016-10-14
265,Honey Pie,The Beatles,1994-10-31
266,Honky Tonk Women,The Rolling Stones,1993-04-12
268,Hoochie Coochie Man,Muddy Waters,1993-04-10
269,Horn,Phish,1990-05-24
270,Houses in Motion,Talking Heads,1996-10-31
271,How High the Moon,Hamilton and Lewis,1990-04-21
2536,How Many People Are You,Mike Gordon,2015-07-22
3147,Human Nature,Phish,2024-07-20
272,Hurricane,Bob Dylan,1985-11-14
2638,I Always Wanted It This Way,Phish,2016-10-15
273,I Am Hydrogen,Phish,1985-04-06
2985,I Am in Miami,Phish,2021-10-31
274,I Am the Sea,The Who,1995-10-31
900,I Am the Walrus,The Beatles,2010-06-29
709,I Been Around,Phish,2009-08-16
275,I Been to Georgia on a Fast Train,Billy Joe Shaver,1993-05-06
2938,I Can't Turn You Loose,Otis Redding,1997-12-29
276,I Didn't Know,Phish,1987-11-18
277,I Don't Care,Phish,1997-06-16
279,I Found a Reason,The Velvet Underground,1998-10-31
280,I Get a Kick Out of You,Dinah Washington,1998-08-02
853,I Just Want To See His Face,The Rolling Stones,2009-10-31
710,I Kissed a Girl,Katy Perry,2009-08-16
281,I Know a Little,Lynyrd Skynyrd,1986-12-06
2934,I Never Left Home,Trey Anastasio,2021-10-19
2935,I Never Needed You Like This Before,Trey Anastasio,2021-07-28
283,I Shall Be Released,The Band,1998-10-18
284,I Told You So,Jimmie Davis,1997-03-18
285,I Walk the Line,Johnny Cash,1992-11-19
286,I Wan'na Be Like You,Louis Prima,1994-04-04
135,I Want To Be a Cowboy's Sweetheart,Patsy Montana,1996-12-06
287,I Will,The Beatles,1994-10-31
288,I Wish,Stevie Wonder,1985-04-06
289,I'll Come Running,Brian Eno,1995-05-16
290,"I'm Blue, I'm Lonesome",Bill Monroe,1994-11-16
291,I'm Gonna Be (500 Miles),The Proclaimers,1997-12-30
292,I'm One,The Who,1995-10-31
293,I'm So Tired,The Beatles,1994-10-31
294,I've Had Enough,The Who,1995-10-31
295,I've Turned Bad,Phish,1989-05-09
296,Icculus,Phish,1986-04-01
890,Idea,Phish,2010-06-15
1228,If 6 Was 9,Jimi Hendrix Experience,2021-10-28
297,If I Could,Phish,1994-04-04
298,If I Don't Be There By Morning,Eric Clapton,1989-05-09
299,If I Only Had a Brain,Ray Bolger (as “The Scarecrow”),1989-03-12
300,If You Need a Fool,The Del McCoury Band,1998-07-29
730,Immigrant Song,Led Zeppelin,1989-07-01
2696,In The Good Old Summer Time,Phish,2017-07-14
302,In a Hole,Phish,1989-10-20
706,In a Mellow Tone,Duke Ellington,1989-08-12
897,In the Aeroplane Over the Sea,Neutral Milk Hotel,2010-06-26
303,In the Midnight Hour,Wilson Pickett,1983-12-02
2786,Infinite,Phish,2018-07-21
888,Instant Karma!,John Lennon,2010-06-12
2508,Intro,Phish,2014-10-31
859,Invisible,Mike Gordon and Leo Kottke,2009-11-01
305,Iron Man,Black Sabbath,2003-12-31
306,Is It In My Head?,The Who,1995-10-31
2507,Is This What You Wanted,Leonard Cohen,2014-10-31
2645,It Ain't Easy,Ron Davies,2016-10-31
308,It's All Right,Bruce Sunpie Barnes and the Louisiana Sunspots,1993-03-02
307,It's Ice,Phish,1991-09-25
309,Izabella,Jimi Hendrix Experience,1997-06-13
311,Jam,Traditional,1984-11-03
312,Jennifer Dances,Phish,1999-12-05
313,Jessica,The Allman Brothers Band,1993-05-08
314,Jesus Just Left Chicago,ZZ Top,1987-08-10
1744,John Hardy,Traditional,1994-11-19
1744,John Hardy,Traditional,1994-11-19
1744,John Hardy,Traditional,1994-11-19
1744,John Hardy,Traditional,1994-11-19
315,Johnny B. Goode,Chuck Berry,1995-06-17
316,Joy,Phish,2009-06-07
317,Julia,The Beatles,1994-10-31
318,Julius,Phish,1994-04-04
319,Jump Monk,Charles Mingus,1988-03-12
899,Jumpin' Jack Flash,The Rolling Stones,2010-06-27
320,Jungle Boogie,Kool and the Gang,2003-12-31
2787,Keeping It Real,Phish,2018-07-25
321,Keyboard Army,Phish,1995-09-27
323,Kill Devil Falls,Phish,2009-06-02
324,Killer Joe,Phish,1990-03-17
902,Killing in the Name,Rage Against the Machine,2010-07-04
2974,Knuckle Bone Broth Avenue,Phish,2021-10-31
325,Kung,Phish,1989-10-31
326,L.A. Woman,The Doors,2003-12-30
327,La Grange,ZZ Top,1987-08-09
2646,Lady Stardust,David Bowie,2016-10-31
329,Lawn Boy,Phish,1989-11-30
330,Layla,Derek and the Dominoes,1998-11-29
925,Le Freak,Chic,1989-04-13
2697,Leaves,Phish,2017-07-14
2416,Legalize It,Peter Tosh,2013-09-01
331,Lengthwise,Phish,1992-11-19
332,Leprechaun,Phish,1993-07-15
854,Let It Loose,The Rolling Stones,2009-10-31
333,Let Me Lie,Trey Anastasio,2009-06-06
883,Let's Go,Phish,2016-07-01
883,Let's Go,The Cars,1991-02-04
2633,Let's Go,Phish,2016-07-01
2633,Let's Go,The Cars,1991-02-04
335,Letter to Jimmy Page,Phish,1985-04-06
3100,Life Saving Gun,Phish,2023-07-30
337,Life on Mars?,David Bowie,1995-10-13
338,Lifeboy,Phish,1993-02-03
339,Light,Trey Anastasio,2009-05-31
340,Light Up Or Leave Me Alone,Traffic,1986-12-06
341,Limb By Limb,Phish,1997-06-13
342,Listening Wind,Talking Heads,1996-10-31
893,Lit O Bit,Rita Clarke and the Naturals,2010-06-22
336,Little Red Rooster,Howlin' Wolf,1997-02-25
98,Little Tiny Butter Biscuits,"""Reverend"" Jeff Mosier",1994-11-18
344,Lively Up Yourself,Bob Marley and The Wailers,1992-04-21
345,Llama,Phish,1990-10-27
2932,Lonely Trip,Trey Anastasio,2021-08-11
346,Lonesome Cowboy Bill,The Velvet Underground,1995-05-16
347,Long Cool Woman in a Black Dress,The Hollies,1983-12-02
348,Long Long Long,The Beatles,1994-10-31
887,Look Out Cleveland,The Band,2010-06-12
349,Loup Garou,Bruce Sunpie Barnes and the Louisiana Sunspots,1993-03-02
2698,Love Is What We Are,Phish,2017-07-14
350,Love Me,Elvis Presley,1997-02-13
351,Love Me Like a Man,Bonnie Raitt,1997-03-18
353,Love You,Syd Barrett,1987-10-31
352,"Love, Reign O'er Me",The Who,1995-10-31
354,Loving Cup,The Rolling Stones,1993-02-03
355,Low Rider,War,1985-09-27
920,Lucky Seven,Dave Holland,1989-08-12
699,Lullaby of Birdland,Ella Fitzgerald,1992-03-28
356,Lushington,Phish,1986-10-15
357,Magilla,Phish,1990-09-13
358,Maiden Voyage,Herbie Hancock,1988-07-30
359,Makisupa Policeman,Phish,1984-10-23
740,Mallory,Phish,1995-12-15
361,Manteca,Dizzy Gillespie,1990-11-04
2709,Maple Leaf Rag,Scott Joplin,2017-08-01
2693,Marissa,Mike Gordon,2017-07-19
363,Martha My Dear,The Beatles,1994-10-31
2506,Martian Monster,Phish,2014-10-31
2881,Maybe,Vida Blue,2019-11-29
364,Maze,Phish,1992-03-06
365,McGrupp and the Watchful Hosemasters,Phish,1985-04-06
366,Mean Mr. Mustard,The Beatles,1996-11-15
367,Meat,Phish,1998-07-02
369,Meatstick,Phish,1997-06-25
371,Mellow Mood,Bob Marley and The Wailers,2000-09-08
372,Melt the Guns,XTC,1985-09-27
373,Memories,Van Alstyne and Kahn,1990-11-17
938,Mercenary Territory,Little Feat,2010-10-31
2573,Mercury,Phish,2015-07-22
2957,Mercy,Trey Anastasio,2023-07-18
374,Merry Pranksters Jam,Phish,1997-08-14
375,Messin' with The Kid,Junior Wells,1997-08-08
879,Metal Bagel Death,Phish,1990-05-04
376,Mexican Cousin,Phish,2003-01-02
377,Middle of the Road,Mike Gordon and Leo Kottke,2009-08-08
2027,Midnight Moonlight,Peter Rowan,1994-11-19
2027,Midnight Moonlight,Peter Rowan,1994-11-19
2027,Midnight Moonlight,Peter Rowan,1994-11-19
2027,Midnight Moonlight,Peter Rowan,1994-11-19
378,Midnight Rider,The Allman Brothers Band,1994-06-22
379,Midnight on the Highway,Hot Rize,1996-11-23
381,Mike's Song,Phish,1985-03-16
382,Mind Left Body Jam,"Paul Kantner, Grace Slick, and David Freiberg",1992-04-18
383,Minute by Minute,Doobie Brothers,1990-09-13
384,Mirror in the Bathroom,The English Beat,1998-11-27
2627,Miss You,Phish,2016-06-24
385,Misty Mountain Hop,Led Zeppelin,1999-07-20
885,Mo' Better Blues,Terence Blanchard,1990-09-22
386,Moby Dick,Led Zeppelin,1993-02-19
387,Mock Song,Phish,2003-07-12
388,Money,Pink Floyd,1998-11-02
1358,Monkey Man,The Rolling Stones,2011-07-02
3075,Monsters,Trey Anastasio,2023-07-22
2643,Moonage Daydream,Arnold Corns,2016-10-31
389,Moonlight in Vermont,Blackburn and Suessdorf,1998-10-03
390,Moose the Mooche,Charlie Parker Septet,1991-07-12
2639,More,Phish,2016-10-14
1303,Most Events Aren't Planned,Vida Blue,2017-08-06
391,Mother Nature's Son,The Beatles,1994-10-31
392,Mound,Phish,1992-03-06
393,Mountains in the Mist,Trey Anastasio,1999-07-03
394,Mozambique,Trey Anastasio,1999-09-09
380,Mr. Completely,Trey Anastasio,2003-07-15
395,Mr. P.C.,John Coltrane,1988-07-30
2970,Mull,Phish,2021-08-03
396,Mustang Sally,Mack Rice,1986-10-15
919,My Favorite Things,Mary Martin & Patricia Neway,1989-08-12
397,"My Friend, My Friend",Phish,1992-03-06
398,My Generation,The Who,1995-10-31
399,My Left Toe,Phish,1999-06-30
704,My Life As a Pez,Dave Abrahams,1993-03-28
400,My Long Journey Home,Bill Monroe,1994-11-16
401,My Mind's Got a Mind of its Own,Jimmie Dale Gilmore,1992-03-07
926,My Problem Right There,Phish,2010-10-10
402,My Soul,Clifton Chenier,1997-02-13
403,My Sweet One,Phish,1989-09-09
404,NICU,Phish,1992-03-06
405,NO2,Phish,1994-06-25
406,Nellie Kane,Hot Rize,1993-02-23
407,Never,Phish,1998-10-17
408,New Age,The Velvet Underground,1998-10-31
410,Night Moves,Bob Seger,1995-10-02
928,Night Nurse,Gregory Isaacs,2010-10-26
776,Night and Day,Ella Fitzgerald,1989-08-12
5,Ninety-Nine Years (and One Dark Day),Hot Rize,1996-08-07
411,No Dogs Allowed,Phish,1988-07-23
412,No Good Trying,Syd Barrett,1990-12-07
2572,No Men In No Man's Land,Phish,2015-07-21
1353,No Quarter,Led Zeppelin,2011-06-01
413,Not Fade Away,The Crickets,1986-04-01
560,Nothin' But A Nothin',Baby Gramps,1993-08-25
414,Nothing,Amfibian,2004-06-17
415,Nowhere Fast,Phish,1989-05-09
2708,O Canada,Calixa Lavallee,2017-08-01
2711,O Holy Night,Adolphe Adam,2017-08-02
416,O Mio Babbino Caro,Puccini/Forzano,1994-05-27
417,"Ob-La-Di, Ob-La-Da",The Beatles,1993-05-06
3076,Oblivion,Trey Anastasio,2023-07-11
420,Ocelot,Phish,2009-05-31
935,Oh Atlanta,Little Feat,2010-10-31
421,Oh! Sweet Nuthin',The Velvet Underground,1998-10-31
936,Old Folks Boogie,Little Feat,2010-10-31
419,Olivia's Pool,Phish,1997-06-13
916,On Green Dolphin Street,Urbie Green,1989-08-12
422,On My Knees,Son Seals,1999-07-17
423,On The Run,Pink Floyd,1998-11-02
424,On Your Way Down,Allen Toussaint,1988-06-24
1080,On the Road Again,Willie Nelson,2013-08-31
425,Once in a Lifetime,Talking Heads,1996-10-31
426,One Meatball,George Martin Lane,1997-02-25
521,Over the Rainbow,Judy Garland,1992-08-17
428,Oye Como Va,Tito Puente,1993-08-28
429,P-Funk Medley,Parliament-Funkadelic,2003-12-30
723,Party Time,Phish,2009-08-15
2801,Passing Through,Phish,2018-10-31
430,Paul and Silas,Josh White,1990-09-13
431,Peaches en Regalia,Frank Zappa,1986-10-15
432,Pebbles and Marbles,Trey Anastasio,2003-01-03
2495,Petrichor,Trey Anastasio,2016-10-14
433,Phase Dance,Pat Metheny Group,1988-02-07
434,Piano Duet,Phish,1993-07-28
435,Pig in a Pen,The Stanley Brothers,1993-02-21
436,Piggies,The Beatles,1985-11-14
952,Pigtail,Phish,2010-12-28
3080,Pillow Jets,Trey Anastasio,2023-07-21
437,Piper,Phish,1997-06-14
1085,Plasma,Trey Anastasio,2014-10-17
2798,Play by Play,Phish,2018-10-31
1849,Playing in the Band,Grateful Dead,2016-10-18
438,Poor Heart,Phish,1988-08-04
440,Possum,Phish,1985-09-27
1577,Powderfinger,Neil Young,2017-07-26
441,Prep School Hippie,Phish,1985-09-27
442,Prince Caspian,Phish,1995-06-08
443,Proud Mary,Creedence Clearwater Revival,1983-12-02
444,Psycho Killer,Talking Heads,1993-03-30
446,Punch Me in the Eye,Phish,1987-04-24
447,Punch You in the Eye,Phish,1989-08-17
448,Purple Rain,Prince,1993-07-16
449,Pusherman,Curtis Mayfield,1991-11-01
450,Quadrophenia,The Who,1995-10-31
451,Quadrophonic Toppling,Phish,1999-12-31
452,Quinn the Eskimo (The Mighty Quinn),Bob Dylan,1985-04-06
453,Ramble On,Led Zeppelin,1998-08-01
454,Rapper's Delight,The Sugarhill Gang,2000-09-29
455,Reba,Phish,1989-10-01
2910,Rescue Squad,Phish,2019-12-31
456,Revival,The Allman Brothers Band,1985-10-30
815,Revolution,Phish,1985-04-06
457,Revolution 1,The Beatles,1994-10-31
458,Revolution 9,The Beatles,1994-10-31
600,Revolution's Over,The Dude of Life (with Phish),1990-09-13
459,Rhinoceros,Smashing Pumpkins,1998-08-03
460,Rhombus Narration,Phish,1989-09-09
1266,Rhymes,Al Green,2011-06-07
461,Ride Captain Ride,Blues Image,1987-03-23
462,Rift,Phish,1990-02-25
844,Rip This Joint,The Rolling Stones,2009-10-31
2659,Rise/Come Together,Trey Anastasio,2017-07-19
464,Roadhouse Blues,The Doors,1983-12-02
463,Roadrunner,The Modern Lovers,2000-09-11
2651,Rock 'n' Roll Suicide,David Bowie,2016-10-31
469,Rock A William,Phish,1997-02-13
465,Rock Me Baby,B.B. King,2003-02-24
466,Rock and Roll,The Velvet Underground,1998-10-31
467,Rock and Roll All Nite,Kiss,1993-02-20
468,Rock and Roll Part Two,Gary Glitter,1998-11-20
1362,Rocket Man,Elton John,2011-08-09
942,Rocket in My Pocket,Little Feat,2010-10-31
843,Rocks Off,The Rolling Stones,2009-10-31
470,Rocky Mountain Way,Joe Walsh,1991-02-16
471,Rocky Raccoon,The Beatles,1994-10-31
472,Rocky Top,Osborne Brothers,1987-09-21
473,Roggae,Phish,1998-06-30
474,Roll Like a Cantaloupe,Phish,1986-10-15
547,Roll in My Sweet Baby's Arms,Traditional,1994-11-18
547,Roll in My Sweet Baby's Arms,Traditional,1994-11-18
475,Roses Are Free,Ween,1997-12-11
476,Rotation Jam,Phish,1995-11-25
477,Round Room,Phish,2003-01-02
1102,Ruby Waves,Trey Anastasio,2019-06-18
478,Run Like an Antelope,Phish,1985-04-06
479,Runaway Jim,Phish,1990-03-28
480,Runnin' with the Devil,Van Halen,1998-08-06
810,Running Out of Time,Phish,2016-10-19
481,Sabotage,Beastie Boys,1998-08-08
482,Sad Lisa,Cat Stevens,1998-10-18
946,Sailin' Shoes,Little Feat,2010-10-31
483,Sample in a Jar,Phish,1993-02-04
484,Samson Variation,Ernie Stires,1997-06-21
2566,Samson and Delilah,Gary Davis,2016-10-18
485,Sand,Trey Anastasio,1999-09-11
486,Sanity,Phish,1986-10-15
487,Satin Doll,Duke Ellington,1988-06-20
488,Savoy Truffle,The Beatles,1994-10-31
282,Saw It Again,New York!,1997-06-14
2796,Say It To Me S.A.N.T.O.S.,Phish,2018-10-31
2415,Say Something,Phish,2013-07-27
2265,Scabbard,Trey Anastasio,2015-07-22
489,Scarlet Begonias,Grateful Dead,1983-12-02
490,Scent of a Mule,Phish,1994-04-04
491,Scents and Subtle Sounds,Phish,2003-07-07
493,Sea and Sand,The Who,1995-10-31
494,Secret Language Instructions,Phish,1992-03-06
495,Secret Smile,Trey Anastasio,2003-07-08
2712,See That My Grave Is Kept Clean,Blind Lemon Jefferson,2017-08-04
496,Seen and Not Seen,Talking Heads,1996-10-31
497,Self,The Dude of Life (with Phish),1990-09-13
2909,Send in the Clowns,Glynis Johns,2019-12-31
2743,Set Your Soul Free,Trey Anastasio,2018-07-20
498,Setting Sail,Phish,1991-04-20
499,Seven Below,Phish,2002-12-31
500,Sexual Healing,Marvin Gaye,1998-07-20
501,Sexy Sadie,The Beatles,1994-10-31
2571,Shade,Phish,2015-07-21
502,Shafty,Phish,1998-04-05
503,Shaggy Dog,Sam Hopkins,1986-10-15
2701,Shake Your Coconuts,Junior Senior,2017-07-21
845,Shake Your Hips,Slim Harpo,2009-10-31
504,She Caught the Katy and Left Me a Mule to Ride,Taj Mahal,1986-12-06
505,She Thinks I Still Care,George Jones,2009-03-08
2939,She's So Cold,The Rolling Stones,1993-03-31
506,Shine,Collective Soul,1995-12-31
857,Shine a Light,The Rolling Stones,2009-10-31
2502,Shipwreck,Phish,2014-10-31
886,Show of Life,Trey Anastasio,2010-06-11
2837,Sightless Escape,Ghosts of the Forest,2019-09-01
2803,Sigma Oasis,Trey Anastasio,2019-12-08
507,Silent in the Morning,Phish,1992-03-07
508,Simple,Phish,1994-05-27
2428,Sing Monica,Phish,2013-10-31
509,Sixteen Candles,The Crests,1996-12-29
510,Skin It Back,Little Feat,1986-10-15
511,Skippy the Wondermouse,Phish,1984-12-01
512,Slave to the Traffic Light,Phish,1984-12-01
513,Sleep,Phish,1998-10-17
860,Sleep Again,Trey Anastasio,2009-11-01
514,Sleeping Monkey,Phish,1992-03-06
515,Slipknot!,Grateful Dead,1986-04-01
516,Smells Like Teen Spirit,Nirvana,1998-11-02
517,Smoke on the Water,Deep Purple,1999-07-18
518,Sneakin' Sally Through the Alley,Lee Dorsey,1985-03-08
2422,Snow,Phish,2013-10-31
1588,So Damn Lucky,Dave Matthews,2022-02-24
519,So Lonely,The Police,1998-11-14
520,Something,The Beatles,1998-10-29
2983,Something Living Here,Phish,2021-10-31
2642,Soul Love,David Bowie,2016-10-31
2744,Soul Planet,Trey Anastasio,2017-12-31
523,Soul Shakedown Party,Bob Marley and The Wailers,1997-02-17
858,Soul Survivor,The Rolling Stones,2009-10-31
1121,Space Oddity,David Bowie,2016-06-24
524,Spanish Flea,Herb Alpert and the Tijuana Brass,1984-12-01
939,Spanish Moon,Little Feat,2010-10-31
525,Sparkle,Phish,1991-09-25
526,Sparks,The Who,1987-03-23
527,Speak to Me,Pink Floyd,1998-11-02
528,Spices,Trey Anastasio,2003-07-07
529,Split Open and Melt,Phish,1989-02-17
531,Spock's Brain,Phish,1995-05-16
532,Spooky,The Classics IV,1993-03-14
533,Spread It 'Round,Phish,2003-07-15
534,Squeeze Box,The Who,1983-12-02
535,St. Stephen,Grateful Dead,1984-11-03
536,St. Thomas,Sonny Rollins,1988-05-22
930,Stairway to Heaven,Led Zeppelin,2010-10-30
537,Stand!,Sly and the Family Stone,1997-06-13
2647,Star,David Bowie,2016-10-31
2644,Starman,David Bowie,2016-10-31
538,Stash,Phish,1990-09-13
539,Stealing Time From the Faulty Plan,Phish,2009-06-02
1355,Steam,Phish,2011-06-04
540,Steep,Phish,1996-10-16
541,Stir It Up,Bob Marley and The Wailers,1987-08-21
856,Stop Breaking Down,Robert Johnson,2009-10-31
1359,Storage Jam,Phish,2011-07-02
542,Strange Design,Phish,1995-05-16
1123,Strawberry Fields Forever,The Beatles,2017-07-22
2703,Strawberry Letter 23,Shuggie Otis,2017-07-22
2793,Stray Dog,Phish,2018-10-31
2650,Suffragette City,David Bowie,2016-10-31
543,Sugar Shack,Phish,2009-06-07
891,Summer of '89,Phish,2010-06-18
2704,Sunday Morning,The Velvet Underground,2017-07-23
2716,Sunshine of Your Feeling,Phish,2017-08-05
544,Suspicious Minds,Elvis Presley,1995-09-30
1126,Susskind Hotel,"Trey, Mike, and The Benevento/Russo Duo",2011-07-02
545,Suzy Greenberg,Phish,1987-02-13
546,Sweet Adeline,Artie Shaw,1990-03-28
849,Sweet Black Angel,The Rolling Stones,2009-10-31
548,Sweet Emotion,Aerosmith,1993-03-16
921,Sweet Georgia Brown,Ben Bernie,1988-07-07
549,Sweet Jane,The Velvet Underground,1998-08-08
550,Sweet Virginia,The Rolling Stones,1999-09-26
551,Swept Away,Phish,1996-10-16
552,"Swing Low, Sweet Chariot",Traditional,1986-10-15
954,Sympathy for the Devil,The Rolling Stones,1988-02-03
553,T.V. Show,The Dude of Life (with Phish),1991-11-08
554,T.V. Theme,Phish,1985-09-27
1129,Take Me Out to the Ballgame,Edward Meeker,2014-10-27
555,Take Me to the River,Al Green,1995-11-21
556,Take the 'A' Train,Duke Ellington,1987-04-29
2165,Takin' Care of Business,Bachman-Turner Overdrive,2013-10-20
557,Talk,Phish,1996-08-05
558,Taste,Phish,1995-06-07
559,Taste That Surrounds,Phish,1995-10-24
562,Tela,Phish,1988-03-12
563,Tell Me Something Good,Rufus with Chaka Khan,1987-03-06
564,Tennessee Waltz,Roy Acuff & The Smoky Mountain Boys,1993-05-06
564,Tennessee Waltz,Roy Acuff & The Smoky Mountain Boys,1993-05-06
565,Terrapin,Syd Barrett,1987-09-21
566,Terrapin Station,Grateful Dead,1998-08-09
931,Thank You,Led Zeppelin,2010-10-30
2977,Thanksgiving,Phish,2021-10-31
567,That's Alright Mama,Elvis Presley,1993-05-06
2979,The 9th Cube,Phish,2021-10-31
568,The Asse Festival,Phish,1990-09-13
569,The Ballad of Curtis Loew,Lynyrd Skynyrd,1987-04-29
2505,The Birds,Phish,2014-10-31
803,The Birdwatcher,Phish,2010-12-28
571,The Chase,Phish,1987-10-14
572,The Chicken,James Brown,1988-03-11
2504,The Chinese Water Torture,Phish,2014-10-31
573,The Connection,Phish,2009-06-19
574,The Continuing Story of Bungalow Bill,The Beatles,1994-10-31
134,The Cover of 'Rolling Stone',Dr. Hook,2003-02-14
575,The Curtain,Phish,1988-02-24
576,The Curtain With,Phish,1987-08-09
156,The Dickie Scotland Song,Phish,2004-08-15
577,The Dirty Jobs,The Who,1995-10-31
2499,The Dogs,Phish,2014-10-31
2797,The Final Hurrah,Phish,2018-10-31
203,The Fishin' Hole,Herbert Spencer and Earle Hagen,1989-03-01
210,The Fog That Surrounds,Phish,1995-09-27
2263,The Gambler,Kenny Rogers,2012-06-10
579,The Great Curve,Talking Heads,1996-10-31
580,The Great Gig in the Sky,Pink Floyd,1993-03-14
581,The Happy Whip and Dung Song,Phish,1999-07-24
2497,The Haunted House,Phish,2014-10-31
582,The Horse,Phish,1992-03-07
2984,The Howling,Phish,2021-10-31
583,The Inlaw Josie Wales,Trey Anastasio,1999-09-09
2980,The Inner Reaches of Outer,Phish,2021-10-31
584,The Landlady,Phish,1990-09-13
2541,The Last Step,Mike Gordon,2015-08-05
2419,The Line,Phish,2013-10-31
585,The Lion Sleeps Tonight,Traditional,2003-02-18
343,The Little Drummer Boy,"Katherine Davis, Henry Onorati & Harry Simeone",1986-12-06
586,The Lizards,Phish,1988-01-27
587,The Maker,Daniel Lanois,1994-10-15
588,The Man Who Stepped Into Yesterday,Phish,1987-05-11
590,The Mango Song,Phish,1989-03-30
591,The Moma Dance,Phish,1998-06-30
3099,The Night the Lights Went Out in Georgia,Vicki Lawrence,2023-07-16
1378,The Ocean,Led Zeppelin,2016-01-17
592,The Oh Kee Pa Ceremony,Phish,1989-08-12
593,The Old Home Place,The Dillards,1994-06-26
594,The Other One,Grateful Dead,1985-05-03
427,The Overload,Talking Heads,1996-10-31
595,The Pendulum,Zenzile,1986-02-03
596,The Practical Song,Phish,1988-09-12
597,The Price of Love,Ninja Custodian,1989-03-30
703,The Prison Joke,John Fox,1991-04-11
598,The Punk Meets the Godfather,The Who,1995-10-31
599,The Real Me,The Who,1995-10-31
601,The Rock,The Who,1995-10-31
895,The Rover,Led Zeppelin,2010-06-24
2912,The Silver Light,Trey Anastasio,2021-10-26
602,The Sloth,Phish,1987-08-09
603,The Squirming Coil,Phish,1990-01-20
604,The Star-Spangled Banner,Francis Scott Key,1996-10-17
561,The Tears of a Clown,Smokey Robinson & The Miracles,2004-08-11
605,The Thrill is Gone,Roy Hawkins,2003-02-24
2503,The Unsafe Bridge,Phish,2014-10-31
2982,The Unwinding,Phish,2021-10-31
2498,The Very Long Fuse,Phish,2014-10-31
606,The Vibration of Life,Phish,1992-11-23
1363,The Way It Goes,Gillian Welch,2011-09-04
607,The Wedge,Phish,1993-02-03
3077,The Well,Trey Anastasio,2023-07-16
1135,The Wind Cries Mary,Jimi Hendrix Experience,2017-07-30
608,Them Changes,Buddy Miles,1997-11-30
609,Theme From the Bottom,Phish,1995-05-16
409,"Theme from New York, New York",Liza Minnelli,1997-12-31
610,Theme from Star Trek,Alexander Courage,1996-08-04
2629,Things People Do,Phish,2016-06-28
2699,Thread,Phish,2017-07-16
611,Three Little Birds,Bob Marley and The Wailers,1995-06-17
1357,Thunder Road,Bruce Springsteen,2011-06-19
612,Thunderhead,Trey Anastasio,2003-01-02
2632,Tide Turns,Phish,2016-06-29
2500,Timber,Phish,2014-10-31
613,Timber (Jerry the Mule),Josh White and Sam Gary,1987-04-29
614,Time,Pink Floyd,1998-11-02
615,Time Loves a Hero,Little Feat,1988-10-29
616,Time Turns Elastic,Trey Anastasio & Don Hart,2009-05-31
116,To France,Jeff Mosier,1994-11-17
752,Tomorrow's Song,Phish,2009-11-27
913,Tonight,Zenzile,1986-02-03
848,Torn and Frayed,The Rolling Stones,2009-10-31
618,Touch Me,The Doors,1991-07-11
702,Tower Jam,Phish,2003-08-02
619,Train Round the Bend,The Velvet Underground,1998-10-31
620,Train Song,Phish,1996-07-21
2962,Trane To Conamarra,BÃ©la Fleck and the Flecktones,1997-07-09
621,Trench Town Rock,Bob Marley and The Wailers,1998-08-11
941,Tripe Face Boogie,Little Feat,2010-10-31
622,Tube,Phish,1990-09-13
624,Tubthumping,Chumbawamba,1998-11-21
960,Tuesday,Trey Anastasio,2017-07-18
625,Tuesday's Gone,Lynyrd Skynyrd,1999-07-13
847,Tumbling Dice,The Rolling Stones,2009-10-31
851,Turd on the Run,The Rolling Stones,2009-10-31
2792,Turtle in the Clouds,Phish,2018-10-31
626,Tush,ZZ Top,1986-12-06
627,Tweezer,Phish,1990-03-28
628,Tweezer Reprise,Phish,1991-02-01
629,Twenty Years Later,Phish,2009-06-05
630,Twist,Phish,1997-06-14
631,Two Versions of Me,Phish,2003-07-12
632,Uncle Pen,Bill Monroe,1990-03-28
633,Uncloudy Day,The Staples Singers,1998-10-03
634,Undermind,Trey Anastasio,2009-03-08
635,Undun,The Guess Who,1989-03-30
2575,United We Stand,Brotherhood of Man,2015-09-06
636,Us and Them,Pink Floyd,1998-11-02
638,Vacuum Solo,Phish,1992-03-30
852,Ventilator Blues,The Rolling Stones,2009-10-31
2733,Victim,Mike Gordon,2019-12-04
639,Viola Lee Blues,Gus Cannon,1999-09-17
641,Vultures,Phish,1997-06-13
642,Wading in the Velvet Sea,Phish,1997-06-13
643,Wait,Phish,1991-10-31
2420,Waiting All Night,Phish,2013-10-31
644,Waking Up,Phish,1997-06-14
2630,Waking Up Dead,Phish,2016-06-29
645,Walfredo,Phish,1997-02-13
646,Walk Away,The James Gang,1988-07-23
647,Walk This Way,Aerosmith,2000-09-29
648,Walls of the Cave,Phish,2002-12-31
649,Waste,Phish,1996-06-06
650,Water in the Sky,Phish,1997-06-13
651,Waves,Phish,2002-12-31
2710,Way Down in the Hole,Tom Waits,2017-08-02
2795,We Are Come to Outlive Our Brains,Phish,2018-10-31
2496,We Are the Champions,Queen,2014-10-29
652,We're Not Gonna Take It,The Who,1999-10-08
27,We're an American Band,Grand Funk Railroad,1996-11-16
653,Weekapaug Groove,Phish,1988-07-23
655,Weigh,Phish,1992-03-07
656,West L.A. Fadeaway,Grateful Dead,2000-10-06
927,What Things Seem,Phish,2010-10-11
3139,What's Going Through Your Mind,Trey Anastasio,2024-08-07
657,What's the Use?,Phish,1999-07-04
658,When Something is Wrong with My Baby,Sam and Dave,1993-04-24
659,When the Cactus is in Bloom,Jimmie Rodgers,2009-06-09
660,When the Circus Comes,Los Lobos,1997-02-13
661,While My Guitar Gently Weeps,The Beatles,1994-10-31
662,Whipping Post,The Allman Brothers Band,1984-11-03
833,White Rabbit,Jefferson Airplane,1995-09-30
2705,White Winter Hymnal,Fleet Foxes,2017-07-26
665,Who By Fire,Leonard Cohen,1994-04-23
666,Who Do? We Do!,Phish,1987-04-24
831,Who Knows,Band of Gypsys,1989-10-26
668,Who Loves the Sun?,The Velvet Underground,1998-10-31
669,Whole Lotta Love,Led Zeppelin,1990-06-09
670,Why Don't We Do It in the Road?,The Beatles,1994-10-31
671,Why Don't You Love Me?,Hank Williams,1987-02-21
672,Why You Been Gone So Long?,Jessi Colter,1993-05-06
2844,Wider,Ghosts of the Forest,2019-07-09
673,Wild Child,Lou Reed,1984-11-03
674,Wild Honey Pie,The Beatles,1994-10-31
675,Wild Thing,The Wild Ones,1985-11-23
676,Wildwood Weed,Jim Stafford,1996-12-06
677,Will It Go Round in Circles,Billy Preston,1999-09-10
678,Will the Circle Be Unbroken?,Traditional,1994-11-19
678,Will the Circle Be Unbroken?,Traditional,1994-11-19
943,Willin',Little Feat,2010-10-31
679,Wilson,Phish,1986-10-12
680,Wind Beneath My Wings,Bette Midler,1995-11-28
681,Windora Bug,Trey Anastasio,2000-09-08
694,Windy City,Phish,2009-08-11
2417,Wingsuit,Phish,2013-10-31
1370,Winterqueen,Trey Anastasio,2013-10-31
682,Wipe Out,The Surfaris,1991-04-15
683,Wolfman's Brother,Phish,1994-04-04
2421,Wombat,Phish,2013-10-31
3164,Woodlands Jam,Phish,2024-08-16
684,Woodstock,Joni Mitchell,1999-07-26
685,Wormtown,Steve Miller Band,1997-07-02
686,Ya Mar,Cyril Ferguson,1987-02-21
2413,Yarmouth Road,Phish,2013-07-05
687,Yer Blues,The Beatles,1994-10-31
688,Yerushalayim Shel Zahav,Naomi Shemer,1993-07-16
689,You Ain't Goin' Nowhere,Bob Dylan,2003-07-30
617,You Better Believe It Baby,Joe Tex,1998-07-26
690,You Enjoy Myself,Phish,1986-02-03
691,You Gotta See Mama Every Night,Con Conrad and Billy Rose,1993-03-16
2427,You Never Know,Phish,2013-10-31
2707,You Sexy Thing,Hot Chocolate,2017-07-28
692,You Shook Me All Night Long,AC/DC,1989-04-20
2501,Your Pet Cat,Phish,2014-10-31
2649,Ziggy Stardust,David Bowie,2016-10-31
