song,code,ftp,ltp,times_played,aka
???,???,06/06/87,04/23/93,3,
One Kind Favor,1FAVOR,07/18/97,03/21/25,55,
One Arm Steve,1STEVE,04/18/98,04/26/25,310,
Second Skin,2NDSKN,03/24/05,03/22/25,166,
Tonight's the Night,2NNGHT,05/14/03,04/26/05,9,
Three Candles,3CANDL,04/01/08,02/19/16,33,
Four Cornered Room,4CNRRM,02/07/96,02/16/25,48,
Four Years of Chances,4YRCH,08/24/18,08/24/18,1,
ARU/WSP Jam,A2WJAM,02/08/92,08/09/92,7,
Action Man,ACTMAN,04/01/00,03/23/25,277,
Action Man reprise,ACTNRP,10/30/10,10/30/10,1,
Adirondacks,ADIRON,12/31/01,12/31/01,1,
Angels Don't Sing The Blues,ADSTB,07/04/15,09/17/17,21,
Already Fried,AFRIED,04/01/08,12/31/09,12,
Do It Again,AGAIN,09/22/90,09/22/90,1,
A Hard Rain's A-Gonna Fall,AHRAGF,12/31/15,03/22/24,20,
Iko Iko,AIKO,02/24/85,01/26/89,21,"Aiko Aiko, Aiko, Iko"
I Ain't Superstitious,AINTSU,06/12/05,06/12/05,1,
A Little Help From My Friends,ALHFMF,12/31/14,12/31/16,2,
Allhambra,ALLHAM,12/08/86,12/08/86,1,
I'm Not Alone,ALONE,06/01/87,04/26/25,518,
Feelin' Alright,ALRIGH,02/24/85,04/15/11,95,
All Right Now,ALRNOW,10/29/17,10/29/17,1,
Another Man Done Gone,AMANDG,05/13/87,05/27/89,19,
American Standard,AMSTND,09/19/90,09/19/90,1,
Analyze,ANALYZ,07/09/94,07/27/94,2,
Angels on High,ANGELS,03/27/07,08/04/19,81,
A of D,AOFD,02/01/89,03/03/23,275,"Eat The Beet, Morning Daydream"
It's All Over Now,AONOW,06/23/99,07/04/14,7,
Airplane,APLANE,03/02/94,03/22/25,355,
Aqualung,AQUALU,10/28/18,10/28/18,1,
Arleen,ARLEEN,07/15/87,03/23/25,234,Arlene
Astronomy Domine Jam,ASTDOM,09/04/87,06/19/14,59,
As Time Goes By,ASTIME,12/31/08,12/31/08,1,
All Time Low,ATLOW,04/18/98,04/26/25,361,
Aunt Avis,AUNTAV,09/09/95,03/22/24,266,
And When I Die,AWIDIE,12/31/02,12/31/02,1,
Are You Ready For The Country?,AYRFTC,04/30/03,05/27/23,30,
Back In The U.S.A.,BACUSA,11/09/08,11/09/08,1,
Born Under A Bad Sign,BADSGN,10/31/05,07/06/11,3,
Ball of Confusion,BALLCO,07/22/89,10/31/01,3,
Barstools and Dreamers,BARSTL,,04/26/25,723,
Bastards In Bubbles,BASTAR,12/31/18,10/02/21,4,
Bayou Lena,BAYOUL,10/26/01,08/26/22,54,
Born On The Bayou,BBAYOU,10/31/08,09/07/13,2,
Big Chief Jam,BCHFJM,07/23/99,07/23/08,2,
Big Chief,BCHIEF,05/01/08,05/01/08,1,
Bad Moon Rising,BDMOON,09/07/13,09/07/13,1,
Burning Down The House,BDTH,12/31/13,12/31/16,2,
Bear's Gone Fishin',BEAR,07/01/97,04/26/25,245,Untitled Instrumental 2
I Told Her I'd Be Early,BEARLY,06/11/87,06/05/90,5,I Told Her I'd Be Ready
Brown Eyed Girl,BEGIRL,02/24/85,06/01/87,2,
Benefactor,BENEFA,07/06/91,08/31/92,4,
Black-Eyed Peas Jam,BEPEAS,10/31/89,10/31/89,1,
Bertha,BERTHA,06/01/87,06/01/87,1,
Better Off,BETOFF,02/07/92,06/22/24,338,
The Big Lagoon,BIGLGN,10/03/91,10/03/91,1,Feeling Lucky
Blue Indian,BINDIN,10/06/98,04/26/25,307,
Bird On A Wire,BIRDOW,08/13/22,01/19/24,4,
Blackout Blues,BLACK,11/17/93,03/23/25,554,
Workin' On A Building,BLDG,11/21/91,11/21/91,1,
Blight,BLIGHT,10/27/95,04/26/25,275,
Blind,BLIND,12/31/02,12/31/02,1,
Entering A Black Hole Backwards,BLKHOL,02/27/92,09/15/23,59,
Black Sabbath,BLKSAB,10/31/87,04/26/25,4,
"Baby, Let Me Follow You Down",BLMFYD,10/05/05,10/28/11,10,
"Baby, Let Me Hold Your Hand",BLMHYH,01/25/96,05/14/03,6,
Blue Carousel,BLUCAR,09/16/23,04/26/25,9,
B of D,BOFD,02/14/89,06/22/24,265,Giving
Boogie Chillen,BOGCHL,06/22/01,06/22/01,1,
Boom Boom Boom,BOOMX3,04/01/08,05/03/08,4,
Band On The Run,BOTRUN,10/29/00,10/29/00,1,
Bowlegged Woman,BOWLW,02/02/87,02/14/25,240,Bowlegged Woman Knock Kneed Man
Boys In The Barroom,BOYBAR,11/19/88,11/25/88,2,
Breathing Slow,BREATH,04/07/86,04/14/24,89,
Born To Be Wild,BRN2BW,04/25/86,04/25/86,1,
Bring It On Home,BRNGIT,10/31/10,10/31/10,1,
Broken String Blues,BSBLUE,10/24/85,10/24/85,1,
Bright Side of Life,BSOLIF,10/31/07,10/31/07,1,
Bird Song,BSONG,,08/13/22,26,
Brown Sugar,BSUGAR,10/31/08,10/31/08,1,
Blue Sunday,BSUNDY,10/31/98,03/27/22,5,
Beat On The Brat,BTBRAT,10/31/03,10/30/16,2,
Burnout Man,BURNMN,02/24/85,02/24/85,1,
Busted,BUSTED,04/20/05,04/20/05,1,
Bust It Big,BUSTIT,09/26/03,04/26/25,238,
Big Wooly Mammoth,BWMAMM,10/10/95,04/24/25,273,
You Can't Always Get What You Want,CAGWYW,02/12/12,05/25/24,19,
Can't Help Falling In Love,CANTHP,02/24/94,02/24/94,1,
Jesus Was A Capricorn,CAPRIC,08/25/19,08/25/19,1,
Cardboard Box,CARDBX,04/14/86,10/06/90,6,
Carmelita,CARMEL,01/29/12,07/06/14,8,
Casa Del Grillo,CASA,07/16/00,01/17/23,89,
C. Brown,CBROWN,02/13/86,03/21/25,811,
China Cat Sunflower,CCAT,04/17/86,02/01/89,50,
Cisco Kid,CCOKID,09/22/90,09/22/90,1,
Can't Change The Past,CCTP,08/10/06,08/10/06,1,
Cease Fire,CEASEF,03/20/15,05/24/24,70,
Can't Find My Way Home,CFMWH,08/08/88,04/15/24,184,
Can't Get Enough,CGENOU,11/02/13,11/02/13,1,
Can't Get High,CGHIGH,07/09/93,03/21/25,371,
Cant Get There From Here,CGTFH,10/30/06,10/30/06,1,
The Chain,CHAIN,07/21/86,08/11/86,2,
Chainsaw City,CHAINS,08/25/90,02/15/25,165,
The Changeling,CHGLNG,10/28/16,10/28/16,1,
Chilly Water,CHILLY,06/22/85,04/25/25,1154,
Chicken Strut,CHKNST,10/31/19,10/31/19,1,
Keep On Chooglin',CHOOGL,09/07/13,09/07/13,1,
Chest Fever,CHSTFV,09/14/06,06/29/14,23,
Cissy Strut,CISSYS,08/08/03,03/25/10,2,
Climb To Safety,CLIMB,01/20/96,04/25/25,414,
When The Clowns Come Home,CLOWNS,03/25/05,04/10/07,32,
Clap Hands,CLPHND,07/10/13,07/10/13,1,
Come As You Are,CMASUR,10/31/09,10/31/09,1,
Coach,COACH,04/22/08,07/02/14,13,
Cocaine,COCAIN,10/31/13,08/03/19,2,
Chunk Of Coal,COCOAL,07/26/95,05/29/22,112,
Coconut,COCONU,02/24/85,04/24/25,321,Coconut Image
City of Dreams,CODREA,03/04/92,03/24/24,164,
Come On,COMEON,12/31/13,12/31/13,1,
Come Together,COMETO,06/11/05,04/15/23,11,
When You Coming Home,COMHOM,07/31/10,04/18/23,10,
Conrad,CONRAD,05/26/86,04/24/25,732,
Contentment Blues,CONTEN,,04/16/24,267,
Cortez the Killer,CORTEZ,10/31/01,08/04/19,7,
Cosmic Confidante,COSCON,05/24/24,03/23/25,3,
Children of the Grave,COTGRV,10/31/07,10/31/21,3,
Cotton Was King,COTTON,05/05/10,03/21/25,119,
Crack And Whistle,CRACK,02/13/96,02/13/96,1,
From The Cradle,CRADLE,04/22/06,03/04/23,124,
Crazy,CRAZY,03/29/05,12/31/16,48,
Cream Puff War,CREAMP,04/17/86,08/27/23,222,
Crime And Punishment,CRIMAP,10/17/01,10/17/01,1,
Crippled Inside,CRIPPL,06/17/07,07/08/11,9,
Cross Cut Saw,CROSSC,12/03/94,06/27/00,2,
This Cruel Thing,CRUEL,09/25/10,12/31/19,6,
Cryptical Envelopment,CRYPTE,06/22/85,03/11/89,32,
Counting Train Cars,CTCARS,04/15/03,03/13/14,36,
Cleburne Terrace,CTERRA,11/19/88,11/04/94,6,
Crazy Train,CTRAIN,10/28/23,12/30/23,2,
Clinic Cynic,CYNIC,10/27/01,09/14/14,58,
Daddy's Drinkin' Again,DADDAG,07/29/03,07/29/03,1,
Daisy Mae,DAISYM,11/01/02,10/21/05,22,
Dang Me,DANGME,02/11/12,02/11/12,1,
Don't Be Denied,DBDEND,06/01/87,06/23/24,76,
Dirty Business,DBUSIN,,12/31/23,78,
(Sittin' On) The Dock Of The Bay,DCKBAY,12/29/05,03/29/14,4,
Dark Day Program,DDPROG,04/01/08,03/12/22,18,
Don't Drink The Water,DDWATR,05/28/23,05/28/23,1,
Dear Prudence,DEARPR,03/13/22,02/16/25,8,
Degenerate,DEGENR,10/31/11,02/15/25,17,
Desperados Waiting For A Train,DESPER,08/25/19,08/25/19,1,
Devil In Disguise,DEVDIS,10/31/13,03/29/14,6,
Me And The Devil Blues,DEVIL,08/07/89,04/26/25,268,Me And The Devil
Dead Flowers,DFLOWR,12/29/15,12/29/15,1,
Diner,DINER,02/07/92,03/21/25,657,
Disco,DISCO,08/04/88,04/25/25,562,Storm Watch
Dog Song,DOGSON,07/07/90,05/24/92,37,
Why Don't We Do It In The Road?,DOIT,10/19/85,10/18/14,3,
Doo Doo Doo Doo Doo (Heartbreaker),DOODOO,06/12/11,06/12/11,1,
Dooley,DOOLEY,10/31/15,10/31/15,1,
Doreatha,DORETH,05/13/95,07/19/06,57,
Down On The Farm,DOTFRM,11/14/87,10/27/19,50,
Down,DOWN,04/16/00,04/26/25,141,
Dragonaut Jam,DRAGJM,10/29/22,10/29/22,1,
Dream Song,DREAM,03/13/92,05/25/24,204,
Dreams,DREAMS,10/29/22,10/29/22,1,
Dream Warrior,DREAMW,10/30/10,10/29/22,2,
Drift Away,DRIFTA,10/28/18,10/28/18,1,
Drive,DRIVE,10/17/01,11/17/01,2,
Driving Song,DRIVIN,04/07/86,03/23/25,828,
Dark Bar,DRKBAR,06/28/08,03/21/25,56,
Dark End of the Street,DRKEND,10/31/05,06/20/14,5,
Drums,DRUMS,10/19/85,04/26/25,1607,
Dirty Side Down,DSDOWN,04/24/10,09/16/18,48,
Don't Tell The Band,DTTBND,06/23/01,10/29/17,19,
Don't Wanna Lose You,DWLYOU,04/11/03,03/22/25,94,
Do What You Like,DWYL,03/16/87,10/25/19,78,
D'yer Maker,DYERMA,10/31/14,02/23/16,4,
Dyin' Man,DYNMAN,04/20/97,03/23/25,263,
Earache My Eye,EARACH,10/31/14,10/31/14,1,
Get Up Early In The Morning,EARLY,05/18/92,05/26/96,53,"Misery, Early, Tipitina's, Longhair Jam, May include 'Junko Partner' lyrics as well"
Electric Funeral,ELCFUN,10/25/16,10/25/16,1,
End Of The Show,EOFSHW,01/27/94,02/16/25,110,
E on a G,EONAG,04/03/00,02/28/20,12,
Easy Wind,EWIND,,07/09/11,5,
The Earth Will Swallow You,EWSY,04/06/90,07/18/06,27,
Excitable Boy,EXCBOY,12/30/09,12/30/09,1,
Expiration Day,EXPDAY,12/31/01,04/25/25,96,
Fairies Wear Boots,FAIRIE,06/17/07,04/26/25,26,
Dear Mr. Fantasy,FANTAS,,03/24/24,187,
Fab Fox 'Fess Jam,FFFJAM,12/30/96,12/30/96,1,
Flat Foot Flewzy,FFFLOO,06/26/91,06/23/24,220,
Feeling Gravitys Pull,FGPULL,10/31/21,10/31/21,1,
Fire on the Mountain,FIRE,,02/10/11,40,
Fishwater,FISH,03/08/90,03/21/25,849,
The Fishin' Hole,FISHHL,10/31/15,10/31/15,1,
Flicker,FLICKR,04/03/07,10/22/22,87,
Walk On The Flood,FLOOD,04/01/08,09/30/11,32,
Familiar Reality,FMREAL,04/29/10,05/02/19,6,
Folsom Prison Blues,FOLSOM,10/05/10,10/05/10,1,
Won't Get Fooled Again,FOOLED,10/31/99,10/31/99,1,
Fortunate Son,FORSON,09/07/13,09/07/13,1,
Foxy Lady,FOXLDY,04/07/86,04/25/86,2,
Freedom,FREEDM,08/23/90,08/23/90,1,
Free Somehow,FREESH,04/01/08,01/24/12,9,
Basically Frightened,FRIGHT,02/14/11,07/25/22,4,
Fishing,FSHING,04/16/03,02/14/25,60,
Fixin' To Die,FTDIE,06/25/90,04/24/25,113,
Franklin's Tower,FTOWER,05/13/88,05/13/88,1,
For What It's Worth,FWIW,,03/21/25,36,
First We Take Manhattan,FWTMAN,12/31/15,02/26/16,2,
Galleon,GALEON,10/03/95,08/10/22,44,
Goodpeople,GDPEOP,03/26/05,04/25/25,218,
Genesis,GENESI,04/23/87,02/14/25,155,
Geraldine And The Honeybee,GERALD,05/28/88,12/29/19,34,Geraldine
Get Up (I Feel Like Being A Sex Machine),GETUP,10/31/02,11/10/02,2,
Gotta Get Mean,GGMEAN,10/29/91,10/29/91,1,
Gotta Have Money,GHMONY,10/02/22,10/02/22,1,
Gimme,GIMME,11/19/88,03/26/23,195,"Kiss on Tuesday, Micheal"
Gimme Some Lovin',GIMSLV,09/06/14,09/06/14,1,
Give,GIVE,04/07/00,05/27/23,234,
Glad,GLAD,06/22/02,09/06/14,2,
Glory,GLORY,09/20/95,08/26/22,118,
Giving Love,GLOVE,05/10/91,05/10/91,1,
Good Morning Little Schoolgirl,GMLSG,10/05/87,10/22/23,87,Schoolgirl
I Got My Mojo Workin',GMMOJO,10/31/13,10/31/13,1,
Get In Get Out,GNGOUT,07/05/02,12/31/03,12,
Georgia On A Fast Train,GOAFT,12/31/05,04/22/06,2,
Guns of Brixton,GOBRIX,09/12/15,09/12/15,1,
God Was In The Water,GODH2O,07/12/02,11/15/02,7,
Godzilla,GODZIL,10/31/97,04/25/25,4,
The Golden Road (To Unlimited Devotion),GOLDRD,10/28/23,10/28/23,1,
Georgia On My Mind,GOMM,12/31/05,09/20/08,2,
Goin' Out West,GOWEST,01/20/96,03/21/25,233,
Gradle,GRADLE,03/22/95,03/04/23,161,
Ain't Life Grand,GRAND,07/26/93,04/26/25,651,
Grandma's Hands,GRANDM,08/07/03,08/07/03,1,
Greta,GRETA,03/30/96,04/25/25,437,
Green Onions,GRNONI,07/12/95,11/02/14,11,
I Ain't Got No Business Doin' Business Today,GTNOBU,09/14/88,09/14/88,1,
I Walk On Guilded Splinters,GUILDE,09/09/88,04/26/25,210,"Guilded Splinters, Walk On Guilded Splinters"
Havin' A Ball,HABALL,07/16/94,07/23/94,2,
Have A Cigar,HACIGR,10/31/15,10/31/15,1,
Hallelujah,HALLEL,12/31/15,10/30/16,6,
Happy,HAPPY,09/24/95,04/15/24,159,
Happy (PW),HAPPYP,12/31/14,12/31/14,1,
Happy (RS),HAPPYR,12/31/14,12/31/14,1,
Good Morning Mr. Hard On,HARDON,12/31/19,12/31/19,1,
The Harder They Come,HARDTC,07/27/01,09/12/15,4,
Hatfield,HATFIE,02/08/92,04/24/25,646,
Happy Child,HCHILD,03/11/89,09/17/22,92,Tuesday's Lullabye
How Come My Dog Don't Bark (When You Come Around),HCMDDB,05/03/14,05/03/14,1,
Here Comes The Judge,HCTJDG,10/28/18,10/28/18,1,
Her Dance Needs No Body,HDNNB,04/01/08,12/31/16,40,
Heathen,HEATHE,,04/23/08,20,
Heaven,HEAVEN,,04/16/24,330,
Help Me Somebody,HELPME,04/27/95,02/27/20,94,
Hercules,HERCUL,05/02/15,05/02/15,1,
Heroes (DB),HERODB,12/31/15,02/15/25,5,
Heroes,HEROES,08/04/93,04/15/23,311,
Hearts Gone Blind,HGBLND,10/03/91,10/04/91,2,
Hit It And Quit It,HITITQ,10/31/14,10/31/14,1,
Help Me,HLPME,10/31/13,11/14/13,2,
Heart of Gold,HOGOLD,10/31/14,10/28/23,7,
Holden Oversoul,HOLDEN,03/22/88,04/24/25,812,Older Souls
Home on the Range,HOMRNG,10/29/17,10/29/17,1,
Honey Bee,HONBEE,10/28/17,05/25/24,21,
Honky Red,HONKYR,04/05/14,03/22/25,84,
Hot In Herre,HOTINH,10/31/02,10/31/02,1,
Happy Xmas (War Is Over),HPYXMS,12/31/12,12/31/12,1,
High Time We Went,HTWW,11/01/14,08/03/19,9,
Like A Hurricane,HURRIC,09/25/10,09/25/10,1,
Highway To Heaven,HWAY2H,01/22/96,01/22/96,1,
Halloween Face,HWEENF,10/31/21,04/26/25,28,
Hope In A Hopeless World,HWORLD,02/06/96,12/31/23,171,
I Wish,I WISH,12/31/02,12/31/09,3,
I've Been Working,IBWORK,07/11/98,06/20/14,3,
I Can See Clearly Now,ICSCN,09/12/15,02/26/16,3,
I Can't Stop Loving You,ICSLU,12/31/06,12/31/06,1,
I Fought The Law,IFTLAW,10/31/15,10/31/15,1,
I Got The Same Old Blues,IGTSOB,03/25/23,04/21/23,2,
I Like It Like That,ILILT,11/03/91,11/03/91,1,
I Like The Things About Me,ILTTAM,07/23/03,06/28/06,17,
I'm A Man,IMAMAN,09/06/14,09/06/14,1,
Imitation Leather Shoes,IMITLS,04/02/00,04/24/25,300,
Impossible,IMPOSS,08/04/88,04/15/24,454,
Indian Song,INDIAN,12/29/96,12/29/96,1,
Somewhere In Time,INTIME,02/19/12,02/29/20,4,
Interstellar Overdrive,INTOVR,05/02/03,07/11/06,6,
I Put A Spell On You,IPASOY,10/31/05,06/25/14,2,
Iron Man,IRNMAN,10/31/11,10/28/23,3,
I Swear It Wasn't Me,ISIWM,01/25/15,01/25/15,1,
I'll Sleep When I'm Dead,ISWID,12/31/23,12/31/23,1,
I Trusted You,ITRSTU,10/31/19,11/02/19,2,
It Was You,ITWASU,07/09/97,04/28/98,7,
I Want Candy,IWANTC,10/31/13,10/31/13,1,
I Want You (She's So Heavy),IWANTU,10/30/06,12/30/06,2,
I Wish You Would,IWISH,06/01/87,11/13/99,4,"I Believe My Baby's Gone, My Baby's Gone, Baby Come Back"
Jack,JACK,08/04/88,04/25/25,511,
Jaded Tourist,JADED,06/27/10,02/11/23,39,
Just Ain't Easy,JAEASY,01/10/14,01/10/14,1,
Jam,JAM,10/24/85,04/25/25,679,
Jamais Vu,JAMAIS,03/14/15,05/24/24,39,
Johnny Appleseed,JAPPLE,10/31/07,10/31/07,1,
Jessica,JESSIC,12/29/15,10/01/22,2,
Jesus Just Left Chicago,JESUS,11/28/09,05/28/23,30,
Jumpin' Jack Flash,JFLASH,10/28/18,10/28/18,1,
The Ballad of John and Yoko,JHNYOK,01/25/12,10/24/21,19,
Just Kissed My Baby,JKMB,01/08/91,05/01/16,164,
Joe's Garage,JOEGAR,10/31/01,10/31/01,1,
John's Other Jam,JOHNOJ,10/30/06,10/30/06,1,
Journey Through The Past,JTPAST,12/31/13,10/31/15,4,
Junior,JUNIOR,04/09/93,02/14/25,452,"Stay All Night, All Night Long"
That Don't Make It Junk,JUNK,04/16/11,02/18/12,4,
Junco Partner,JUNKO,07/21/92,05/08/06,17,
Knocking 'Round The Zoo,KATZOO,04/07/86,04/15/24,159,
Key to the Highway,KEY2HI,06/01/87,09/08/87,2,
Keep Me in Your Heart,KMIYH,06/25/23,04/24/25,6,
King Baby,KNGBBY,06/25/23,04/25/25,15,
Knockin' On Heaven's Door,KOHDOR,06/22/85,11/17/90,21,
Elevator To The Moon,L2MOON,04/04/91,07/29/23,2,
L.a.,LA,07/15/87,07/13/19,186,"Eliza's Apartment, Liza's Apartment"
Lady Wisdom Sleeps,LADYWS,08/20/90,05/18/91,3,
Lake Of Fire,LAKEOF,10/31/09,04/21/18,3,
Louisiana Truck Stop,LATSTP,11/02/02,11/02/02,1,
L.A. Woman,LAWOMN,10/31/97,10/29/16,2,
Long Cool Woman In A Black Dress,LCWOMN,10/29/00,12/31/18,2,
Last Dance,LDANCE,06/22/85,09/15/23,102,
Last Date,LDATE,04/07/05,04/07/05,1,
Low Down Dirty Dog Blues,LDDDB,12/29/15,12/29/15,1,
Lean On Me,LEANOM,12/31/14,06/28/15,2,
Papa Legba,LEGBA,12/31/87,04/18/23,372,
Let's Roll,LETSRL,02/12/12,02/12/12,1,
"Lawyers, Guns, And Money",LGAMON,03/21/87,04/24/25,74,
Let's Get Down To Business,LGDTB,10/31/94,05/24/24,200,
Let's Get The Show On The Road,LGTSOR,02/24/85,03/05/23,136,
Let It Bleed,LIBLED,10/12/03,07/14/06,11,
Life During Wartime,LIFEDW,10/31/03,03/21/25,85,
Life As A Tree,LIFETR,08/25/19,06/23/24,3,
Life on Mars?,LIFMRS,10/31/21,10/31/21,1,
Little Lilly Jam,LILLYJ,11/10/98,11/10/98,1,
Little Lilly reprise,LILLYR,11/09/99,11/09/99,1,
Light Is Like Water,LILWTR,06/27/01,06/20/14,16,
Sitting In Limbo,LIMBO,09/12/15,12/29/15,2,
Let It Rock,LIROCK,06/16/86,04/15/24,166,
Lithium,LITHIU,10/30/16,10/30/16,1,
Just Like A Woman,LKWOMN,09/01/09,10/10/09,2,
Little Lilly,LLILLY,11/17/98,04/26/25,240,"Blue Girl, First Snow"
Longer Look,LLOOK,04/14/05,04/14/05,1,
Long Live Rock,LLROCK,10/31/97,10/31/97,1,
Light My Fire,LMFIRE,11/02/00,11/02/00,1,
Long May You Live,LMLIVE,04/05/86,11/08/01,8,
Lonely Avenue,LNLYAV,08/19/01,08/19/01,1,
Lola,LOLA,10/31/10,10/31/10,1,
I'm Losing You,LOSINU,10/31/11,10/31/11,1,
Turn On Your Love Light,LOVELT,10/24/85,12/31/19,23,Turn On Your Lovelight
Low Rider,LOWRID,,11/04/09,155,
Low Spark Of High Heeled Boys,LSOHHB,02/13/86,03/23/25,228,
My Last Act,LSTACT,12/31/01,12/31/01,1,
The Last Straw,LSTRAW,12/31/87,01/19/24,297,
Little By Little,LTBYLT,07/29/23,04/24/25,15,
Little Kin,LTKIN,04/24/93,04/25/25,441,
Love The One You're With,LTOYW,06/22/85,12/31/22,11,
Long Train Runnin',LTRAIN,04/21/88,04/21/88,1,
Little Wing,LTWING,06/22/85,06/24/23,70,
Lullaby for NYC,LULNYC,11/20/93,11/20/93,1,
Love For Sale,LV4SAL,10/31/01,10/31/01,1,
Love And Happiness,LVAHAP,04/15/05,12/31/11,3,
Love Is The Drug,LVDRUG,10/31/03,10/31/03,1,
Livin' In The USA,LVNUSA,10/10/08,10/10/08,1,
Love In Vain,LVNVAI,03/16/18,03/16/18,1,
Machine Gun,MACGUN,11/02/14,02/16/25,9,
Machine,MACHIN,10/06/86,04/26/25,542,
Machine reprise,MACHRP,10/20/17,10/08/21,2,
Maggot Brain,MAGGOT,10/31/92,03/21/25,106,
Magic Bus,MAGICB,11/30/00,11/30/00,1,
That's All Right Mama,MAMA,,05/29/91,11,It's Alright Mama
Mambo Sun,MAMBOS,06/26/22,06/26/22,1,
Mama Kin,MAMKIN,10/31/08,10/31/08,1,
This Masquerade,MASQUE,10/31/09,11/14/09,2,
Magic Carpet Ride,MCRIDE,10/29/17,10/29/17,1,
Morning Dew,MDEW,08/12/87,05/14/15,20,
Midnight Special,MDNTSP,12/31/12,12/31/12,1,
Mercy,MERCY,04/01/91,02/15/25,304,
Mercy Train To Bogart,MERCYT,06/27/21,10/21/22,2,
Mardi Gras In New Orleans,MGNNO,10/28/00,07/08/16,3,
After Midnight,MIDNIG,12/31/87,12/29/90,10,
What's Made Milwaukee Famous (Has Made A Loser Out Of Me),MILFAM,10/25/15,10/25/15,1,
Milk And Cookies,MILKAC,08/24/19,08/24/19,1,
New Minglewood Blues,MINGLB,,12/12/86,10,Minglewood Blues
Misty Mountain Hop,MMHOP,10/31/99,10/31/99,1,
Man On The Moon,MNMOON,10/31/19,10/31/19,1,
Sleepy Monkey,MONKEY,,03/23/24,245,Monkey Image
Monstrosity,MONSTR,04/29/03,07/12/06,40,
Moondance,MOONDA,12/31/09,12/31/16,2,
Morally Challenged,MORCHA,12/31/01,05/29/22,3,
Early In The Morning Blues,MORNBL,06/27/00,06/27/00,1,
Mr. Crowley,MRCROW,10/28/23,10/28/23,1,
Mr. Soul,MRSOUL,05/13/87,04/25/25,388,
Makes Sense To Me,MSTOME,04/01/91,04/25/25,672,
Mountain Hideaway,MTHIDE,06/29/13,07/20/13,3,
Mama Told Me Not To Come,MTMNTC,10/18/08,06/26/11,4,
Mountain Jam,MTNJAM,04/23/87,07/25/22,10,First There Was A Mountain
Midnight Train To Georgia,MTTG,12/31/05,12/31/05,1,
Drinking Muddy Water,MUDH2O,10/31/13,02/18/22,12,
Muffin Man,MUFFIN,09/19/10,09/19/10,1,
Meeting of the Waters,MWATER,04/18/03,10/26/03,13,
May Your Glass Be Filled,MYGBF,03/26/05,03/23/25,90,
My Generation,MYGEN,12/31/23,12/31/23,1,
Mystic Highway,MYSHWY,09/07/13,09/07/13,1,
Nebulous,NEBULO,04/17/03,07/23/06,46,
New Blue,NEWBLU,10/26/01,03/26/22,8,
Not Fade Away,NFA,02/24/85,02/14/89,29,
Nobody's Fault But Mine,NFBMIN,02/13/86,03/05/23,72,
Nights In White Satin,NIGHT,,02/11/11,11,
Nowhere To Run,NO2RUN,10/31/05,10/31/05,1,
Nobody's Loss,NOLOSS,01/19/96,04/16/24,148,
None of Us Are Free,NONFRE,07/03/05,08/27/22,50,
North,NORTH,09/25/99,04/14/24,285,
No Sugar Tonight/New Mother Nature,NOSUGT,02/24/85,04/24/25,194,"New Mother Nature, No Sugar Tonight/New Mother Nature"
Ain't No Sunshine,NOSUNS,12/31/14,06/24/18,2,
It Ain't No Use,NOUSE,01/13/90,08/11/22,365,
New Speedway Boogie,NSBOOG,01/12/87,08/02/19,51,
Nature's Way,NTRWAY,10/29/22,10/29/22,1,
Next Time You See Me,NTUSEE,06/01/87,06/01/87,1,Lied And Cheated
Orange Blossom Special,OBSPEC,01/23/96,12/30/97,6,
Old Joe,OLDJOE,04/03/00,04/14/24,106,
Old Neighborhood,OLDNHD,10/28/01,06/22/24,166,
On Broadway,ONBROD,11/01/03,11/01/03,1,
1 x 1,ONEBY1,03/23/95,05/27/23,147,
Ophelia,OPHELI,07/15/87,08/26/23,147,
Over The Hills And Far Away,OTHAFA,10/31/98,12/31/98,2,
The Other One,OTHER1,02/24/85,03/11/89,47,That's It For The Other One; Quadlibet for Tenderfeet
The Other One Jam,OTHR1J,07/21/86,10/13/88,2,That's It For The Other One; Quadlibet for Tenderfeet
Outta Mind (Outta Sight),OUTTAM,10/31/11,10/31/11,1,
Over The Rainbow,OVERTR,10/28/23,10/28/23,1,
On Your Way Down,OYWDWN,11/28/09,10/23/22,7,
Papa's Home,PAPAH,08/27/92,02/16/25,534,
Papa Johnny Road,PAPAJR,04/15/03,05/27/23,123,
Paranoid,PARNOD,10/31/87,10/30/16,2,
Henry Parsons Died,PARSON,10/25/92,03/21/25,705,
Party At Your Mama's House,PAYMH,05/07/97,04/24/25,224,"That Thang, Untitled Instrumental"
Pet Sematary,PETSEM,10/31/03,10/31/03,1,
Peace Frog,PFROG,10/31/98,03/27/22,5,
Phosphene Dream,PHODRM,10/29/22,10/29/22,1,
Pickin' Up The Pieces,PIECES,06/26/91,04/26/25,499,
Pigeons,PIGEON,10/23/86,04/25/25,1099,A Hog's Eternity
Pigeons reprise,PIGONR,03/25/89,03/25/89,1,
Pilgrims,PILGRI,09/14/92,03/22/25,572,Pilgrim Radio
Plastic Jesus,PJESUS,03/14/14,04/12/14,3,
Pleas,PLEAS,01/22/88,04/26/25,577,
People Are Strange,PLRSTR,10/30/06,10/30/06,1,
"Baby, Please Don't Go",PLSDGO,10/31/08,10/29/14,6,
Hey Pocky Way,POCK,10/31/19,10/31/19,1,
Piece of My Heart,POMHRT,08/24/18,05/25/24,2,
Porch Song,PORCH,03/17/86,04/24/25,1167,"Moon Time, Panic's Theme"
Postcard,POSTCA,10/06/86,03/23/25,254,
Postcard reprise,POSTCR,06/27/99,06/27/99,1,
Perfect Day,PRFDAY,10/31/19,10/31/19,1,
Proud Mary,PRMARY,10/31/08,10/31/08,1,
Protein Drink,PROTEI,12/31/01,04/25/25,144,
Proving Ground,PROVIN,,04/25/25,662,"Drug Deal, Big Sex"
Puppy Sleeps,PUPPY,12/31/01,10/28/23,8,
Pusherman,PUSHER,10/31/90,10/30/21,134,
Quarter Tank Of Gasoline,QTOGAS,03/04/92,09/16/23,33,
Radio Child,RADIO,03/26/95,06/22/24,417,
Rainy Day Women #12 & 35,RAINYW,04/20/02,11/10/02,2,
Room at the Top,RATTOP,03/24/24,03/24/24,1,
Red Beans,RBCOOK,04/27/92,02/20/22,114,
Road To Damascus,RD2DAM,06/26/01,10/02/07,5,
Radar Love,RDRLOV,10/31/96,10/30/06,2,
(Don't Fear) The Reaper,REAPER,10/28/18,10/28/18,1,
Rebirtha,REBIRT,01/23/93,04/25/25,426,
Reflections,REFLEC,01/12/91,01/31/91,2,
Right Place Wrong Time,RGHTPL,10/30/10,10/30/10,1,
Roadhouse Blues,RHBLUE,01/25/22,12/29/23,2,
Red Hot Mama,RHMAMA,10/31/98,04/24/25,203,
Ribs And Whiskey,RIBAWY,11/24/90,04/25/25,242,Seen Your Sister Naked
Ride Me High,RIDEME,11/04/96,03/23/25,305,
I Know You Rider,RIDER,04/24/86,07/06/91,28,
Rockin' In The Free World,RITFW,10/04/94,12/31/22,7,
Rock,ROCK,10/04/89,04/25/25,732,Brass Shoes Walking Blues
Rock Steady,ROCKST,08/24/18,08/24/18,1,
(Don't Go Back To) Rockville,ROCKVL,12/30/09,12/30/09,1,
Ring of Fire,ROFIRE,05/16/03,05/16/03,1,
Raise The Roof,ROOF,01/27/94,06/22/01,45,
Little Red Rooster,ROOSTR,06/12/05,06/12/05,1,
Ramble On Rose,ROROSE,05/23/15,05/23/15,1,
Rotgut,ROTGUT,10/31/95,10/31/95,1,
Riders On The Storm,ROTS,10/31/96,10/24/21,12,
House of the Rising Sun,RSNSUN,11/23/01,10/29/17,3,
Rumble,RUMBLE,10/29/17,06/23/23,11,
Running Down A Dream,RUNDRM,10/29/22,03/22/24,8,
Run For Your Life,RUNFYL,04/16/05,09/01/05,9,
Many Rivers To Cross,RVRCRS,01/28/12,12/31/22,13,
Respect Yourself,RYOURS,12/31/99,12/31/99,1,
Saint Ex,SAINTX,05/07/10,03/23/25,148,
Sandbox,SANDBX,04/03/96,12/31/22,25,
Enter Sandman,SANDMN,10/31/07,10/29/22,2,
Scarlet Begonias,SBEGON,08/12/87,10/20/87,6,
Still Crazy After All These Years,SCAATY,12/31/16,12/31/16,1,
Set the Controls for the Heart of the Sun Jam,SCHSJM,07/11/06,07/11/06,1,
She Caught The Katy,SCKATY,03/16/87,07/10/15,194,
Scholarship,SCSHIP,12/31/01,04/22/02,2,
Street Dogs For Breakfast,SD4B,03/13/15,01/26/19,28,
Sundown Betty,SDBETY,01/29/18,08/27/23,24,
Sympathy for the Devil,SDEVIL,04/24/86,01/27/20,33,
I Wanna Be Sedated,SEDATE,10/31/03,12/31/23,7,
Sell Sell,SELL,02/19/12,09/18/22,76,
Send Your Mind,SENDYM,04/02/91,04/24/25,341,
Sewing Machine,SEWMAC,12/31/01,04/25/25,147,
The Shape I'm In,SHAPE,09/17/95,10/23/21,32,
Sharon,SHARON,06/16/86,04/16/24,79,
She Walks Right In,SHEWRI,10/12/03,10/12/03,1,
Shiek,SHIEK,03/24/96,11/18/00,4,
Shoes On Tight,SHOES,03/24/07,03/30/07,2,
Stranglehold,SHOLD,10/20/88,10/20/88,1,
Shoot Out At The Fantasy Factory,SHOOTO,10/31/89,12/31/89,9,Shoot Out
I Shot The Sheriff,SHTSRF,10/31/15,10/31/15,1,
Shut Up And Drive,SHUTUP,05/08/10,03/23/25,108,
Stranger in a Strange Land,SIASL,11/19/21,03/22/24,7,
Sick And Tired,SICKTR,11/01/96,11/01/96,1,
Slippin' Into Darkness,SIDARK,10/31/02,01/19/24,78,
Song For Sitara,SITARA,03/30/05,07/18/06,14,
Spirit In The Dark,SITD,10/31/05,10/31/05,1,
Space is the Place Jam,SITPJM,04/18/92,04/18/92,1,
Skin It Back,SKINIB,10/31/02,11/12/02,3,
Solid Rock,SLDRCK,06/11/05,06/22/18,117,
Sweet Leaf,SLEAF,10/31/89,08/10/22,17,
St. Louis,SLOUIS,10/19/07,01/20/24,71,
Slip Kid,SLPKID,10/31/07,10/31/07,1,
Smoking Factory,SMKFAC,03/23/07,10/21/17,22,
Smoke And Burn,SMOKAB,03/30/95,07/31/98,29,Burned Faceless
Smokestack Lightning,SMOKE,04/05/86,02/16/25,69,
Small Town,SMTOWN,06/23/24,04/24/25,2,
Silent Night,SNIGHT,08/24/19,08/24/19,1,
Snake Drive,SNKDRV,04/09/05,01/27/19,5,
Snorkle Search,SNORKL,04/20/90,04/20/90,1,
Snowblind,SNOWBL,10/28/23,10/28/23,1,
I'm So Glad,SOGLAD,07/08/03,02/15/25,25,
Solace,SOLACE,01/26/96,04/13/96,8,
Sometimes,SOMTMS,08/23/99,02/16/25,118,
Soul Kitchen,SOULKI,10/28/00,12/29/23,3,
Space is the Place,SPACEP,05/29/22,05/29/22,1,
Ace of Spades,SPADES,10/31/13,04/19/23,7,
Spoonful,SPOONF,02/13/86,03/24/23,39,
Sparks Fly,SPRKFL,05/10/03,10/29/03,5,
Space Truckin',SPTRUK,10/31/96,10/31/96,1,
Spill The Wine,SPWINE,10/31/13,12/31/13,2,
"Shake, Rattle, And Roll",SRROLL,11/01/96,10/12/03,3,
Straight To Hell,ST2HEL,10/25/15,11/19/21,2,
Starman,STARMN,10/31/19,10/31/19,1,
Strange Brew,STBREW,10/31/14,10/31/14,1,
Steven's Cat,STEVEN,03/28/15,02/14/25,53,
Stag-O-Lee,STGRLE,01/18/96,11/08/13,10,
Strange Times,STIMES,10/31/10,10/15/11,4,
Stir It Up,STIRUP,06/22/85,06/29/08,5,
Shouldn't Have Took More Than You Gave,STMTYG,03/17/86,05/27/89,25,
And It Stoned Me,STONED,02/16/87,01/22/22,168,
Stop Breakin' Down Blues,STOPBD,10/27/00,04/24/25,199,
Stop-Go,STOPGO,04/07/86,03/21/25,779,Bookends
Success Yourself,SUCCES,01/27/94,06/27/21,7,
Such A Night,SUCHAN,10/30/21,10/30/21,1,
Sugaree,SUGARE,02/24/85,10/02/88,35,
Sultans of Swing,SULTAN,02/14/11,09/28/13,3,
Sun Keep,SUNKEP,07/05/90,10/15/90,8,
Superstition,SUPERS,10/31/98,07/13/13,25,
Surprise Valley,SURPRS,06/27/99,04/24/25,386,
Susie Q,SUSIEQ,04/25/86,09/07/13,3,
Strictly Volunteer Jam,SVOLNT,09/14/92,09/14/92,1,
Swamp,SWAMP,10/31/98,01/29/18,22,
Sweet Dreams (PC),SWDRPC,10/29/22,10/29/22,1,
Sweet Dreams (RB),SWDRRB,10/29/22,10/29/22,1,
Sweetness,SWEET,02/01/89,02/01/89,1,
Tacos,TACOS,08/01/95,10/31/19,3,Tacos Are Cheap But Pizza Is Expensive
There's A Hole In The Bucket,TAHITB,04/07/86,11/11/87,2,
The Take Out,TAKEOU,08/22/87,02/16/25,363,
Tall Boy,TALBOY,08/03/95,03/22/25,509,Naked In The Mud
Tackle Box Hero,TBHERO,01/17/23,03/21/25,12,
Tears of a Woman,TEARS,07/07/99,08/09/03,16,
Thank You Falettinme Be Mice Elf Agin,TFLMBM,08/05/89,04/24/15,33,
This Friendly World,TFWRLD,10/31/19,03/03/23,3,
Thinkin',THINKI,02/24/85,02/24/85,1,
Thin Air (Smells Like Mississippi),THNAIR,04/12/03,05/27/23,105,
Thought Sausage,THSAUS,04/18/00,04/26/25,235,
There Is A Time,TIATIM,10/31/15,06/22/24,12,
Tickle the Truth,TICKLE,04/04/07,12/30/23,91,
Time Is Free,TIFREE,10/30/93,05/29/22,33,
Time Is Free Jam,TIFREJ,10/26/93,08/02/98,4,
Time Fades Away,TIMEFA,12/31/13,06/29/14,5,
The Time Warp,TIMWRP,10/31/03,10/31/03,1,
Time Zones,TIMZON,04/30/05,12/30/23,126,
Time Is On My Side,TIOMS,12/31/12,12/31/12,1,
Tipitina,TIPITI,06/21/08,03/20/14,2,
Tiptoe Through The Tulips,TIPTOE,10/28/18,10/28/18,1,
Train Kept A Rollin',TKAROL,04/05/00,04/05/00,1,
Tail Dragger,TLDRAG,10/31/11,02/16/25,89,
Travelin' Light,TLIGHT,04/17/86,04/14/24,1040,
This Must Be The Place (Naïve Melody),TMBTP,10/28/23,10/28/23,1,
Tennessee Before Daylight,TNB4DL,08/13/06,08/13/06,1,
That Old Black Magic,TOBM,10/30/06,10/30/06,1,
The Old Man Down the Road,TOMDTR,09/07/13,09/07/13,1,
Tongue (Shuffle In A),TONGUE,12/31/10,12/31/10,1,
Tortured Artist,TORART,04/11/03,04/14/24,87,
Toura Loura Loura,TOURA,03/17/18,03/17/18,1,
The Poorhouse Of Positive Thinking,TPOPT,03/21/15,05/03/16,16,
This Part Of Town,TPTOWN,11/27/99,10/28/23,173,
Tractor Jam,TRACTJ,03/11/89,03/11/89,1,
Love Tractor,TRACTO,06/16/89,03/22/25,989,Phuck Truck
Trashy,TRASHY,06/27/21,04/24/25,28,
Keep Your Lamps Trimmed and Burning,TRIMED,02/16/87,04/18/09,9,Trimmed and Burning
Trondossa,TRONDO,05/06/18,04/28/19,2,
Trouble,TROUBL,03/11/89,07/28/23,81,
True To My Nature,TRUNAT,07/07/10,10/29/14,41,
Travelin' Man,TRVMAN,05/02/03,02/14/25,90,
Traveler's Rest,TRVRST,08/10/06,08/10/06,1,
Testify,TSTIFY,12/31/99,06/22/02,2,
Tush,TUSH,10/10/21,10/10/21,1,
T.V. Eye,TVEYE,04/21/15,04/21/15,1,
Time Waits For No One,TW4NO1,10/31/08,03/02/17,9,
Time Waits Jam,TWAITJ,07/16/03,07/16/03,1,
Time Waits,TWAITS,07/16/03,07/23/22,32,
This Week In Baseball,TWIB,05/07/03,05/07/03,1,
That's What Love Will Make You Do,TWLWMY,10/06/86,01/03/87,7,
Tie Your Shoes,TYSHOE,03/17/86,04/25/25,334,
You'll Be Fine,UBFINE,09/15/97,07/09/13,31,
You Better Run,UBTRRN,07/30/00,07/01/08,10,
You Gotta Move,UGMOVE,06/01/87,09/08/87,2,
You Got Yours,UGOTY,09/16/95,02/16/25,264,I Got My Way
Me And My Uncle,UNCLE,05/13/87,05/05/89,65,
Across the Universe,UNIVER,02/19/12,02/19/12,1,
Up All Night,UPALLN,10/26/07,03/22/25,146,
Use Me,USEME,10/31/97,09/16/23,98,
You Wreck Me,UWRKME,10/20/17,03/22/25,21,
Vacation,VACATI,09/15/86,03/23/25,142,
Vampire Blues,VAMPIR,10/31/05,07/28/23,44,
Vicious,VICIOU,10/31/03,10/24/21,3,
If You'se A Viper,VIPER,04/20/05,10/04/05,6,"Viper Jive, The Reefer Song"
Volare,VOLARE,10/31/19,10/31/19,1,
Voodoo,VOODOO,05/02/15,05/02/15,1,
Visiting Day,VSTDAY,04/25/00,12/30/23,134,
Wait for No One,W4NO1,02/24/85,05/13/87,2,
Waiting For The Wind To Blow Down The Tree In My Backyard,W4WIND,01/19/96,01/19/96,1,"Waiting For The Wind, Another One, Quit Touching Me"
Waitin' For The Bus,WAIT4B,10/31/09,05/25/24,22,
The Waker,WAKER,10/07/98,02/14/25,97,
Walkin' (For Your Love),WALKIN,09/29/89,03/22/25,868,"Plains Hopping, Walkin'"
Walk On,WALKON,01/12/87,03/22/25,266,
Walkin' (For Your Love) reprise,WALKRP,10/25/96,10/20/10,3,
Wang Dang Doodle,WANGDD,09/08/87,06/12/05,3,
Wanna Be Startin' Somethin',WANSTR,12/31/09,12/31/09,1,
We'll Be Fine,WBFINE,06/26/01,10/05/03,3,
"Weak Brain, Narrow Mind",WBRAIN,07/16/97,10/28/23,102,
All Along The Watchtower,WCHTWR,07/22/01,03/31/19,14,
The Wind Cries Mary,WCMARY,10/31/99,07/29/01,5,
Who Do You Love,WDULUV,09/08/87,09/08/87,1,
Who Do You Belong To?,WDYBT,07/01/93,04/14/24,258,
Weight Of The World,WEIGHT,10/31/90,10/23/22,588,
Welcome To My Nightmare,WEL2MN,10/31/07,10/31/07,1,
Werewolves of London,WEREWO,10/19/85,10/30/21,55,
West Virginia,WESTVA,01/26/93,10/27/00,86,Mellow Jam
We Gotta Get Out Of This Place,WGGOTP,05/07/05,05/07/05,1,
Wild Thing,WILDTG,10/24/85,06/26/11,3,
Wipeout Jam,WIPEOU,02/24/85,02/24/85,1,
Wishbone,WISHBO,11/04/88,08/23/19,27,
Wish You Were Here,WISHYW,04/25/86,10/28/23,61,
The Wizard,WIZARD,10/28/23,10/28/23,1,
Wild Thing reprise,WLDTGR,06/26/11,06/26/11,1,
Walking After Midnight,WLKMID,12/31/09,12/31/09,1,
"Man Smart, Woman Smarter",WOMAN,,11/11/87,9,Women Are Smarter
Wondering,WONDER,02/07/92,03/23/25,662,
Wooden Ships,WOODEN,09/15/86,10/11/88,17,
Worry,WORRY,,04/16/24,438,"Worried, Worryin' About My Worries, Worries, Worryin'"
Westport Ferry (Not Berkeley CA),WPFERY,12/31/96,12/31/96,1,
Space Wrangler,WRANGL,10/19/85,04/26/25,1210,
Warning,WRNING,10/26/16,10/26/16,1,
Wet Trombone Blues,WTROMB,01/27/94,06/27/21,5,
Sleeping Man,WTSMAN,03/21/95,03/22/25,244,
Würm,WURM,07/08/86,07/08/86,1,
We Walk Each Other Home,WWEOH,07/30/23,04/25/25,15,
Wasted Words,WWORDS,01/10/14,01/10/14,1,
What A Wonderful World,WWORLD,12/31/99,12/31/99,1,(What A) Wonderful World
Christmas Katie,XKATIE,04/18/98,03/23/25,203,
Crossroads,XROADS,06/05/90,11/23/90,2,Crossroad Blues
Yard of Blonde Girls,YBGRLS,05/10/03,10/26/03,11,
Yer Blues,YBLUES,02/07/96,02/07/96,1,
You Can Get It If You Really Want,YCGYRW,09/12/15,09/12/15,1,
You Got It All Wrong,YGIAW,04/22/02,04/22/02,1,
You're Gonna Miss Me When I'm Gone,YGMWIG,10/31/10,10/31/10,1,
You've Got To Hide Your Love Away,YGTHYL,03/07/14,07/21/22,5,
Yield Not To Temptation,YLDNOT,12/31/17,12/31/17,1,
Young Lust,YNGLST,10/31/15,10/31/15,1,
You Should Be Glad,YSBG,04/01/05,02/09/23,171,
You're With Me Now,YWMNOW,04/22/02,04/22/02,1,
Zebra Song,ZEBRA,04/23/88,04/23/88,1,
Zigzaggin' Through Ghostland,ZIGZAG,10/31/21,02/18/22,2,
